{"step": 1200, "dev_accuracy": 0.7105533480644226, "test_accuracy": 0.7089621424674988, "dev_entroy": 0.11365942264905614, "test_entropy": 0.114493870776893, "l1": "0.01", "seed": "42", "data": "arxiv", "dev_token_precision": 0.16256867293370772, "dev_token_recall": 0.3071599926185643, "dev_token_f1": 0.2126103686672734, "dev_boundary_precision": 0.27092113184828415, "dev_boundary_recall": 0.6962540716612378, "dev_boundary_f1": 0.390063641962636, "dev_unique_predicted_tokens": 1837, "dev_unique_gold_tokens": 8335, "dev_prefix_token_precision": 0.27629254504769757, "dev_prefix_token_recall": 0.4422521050647229, "dev_prefix_token_f1": 0.34010679682025763, "dev_prefix_boundary_precision": 0.5711914588193073, "dev_prefix_boundary_recall": 0.7146545434135938, "dev_prefix_boundary_f1": 0.6349198434266623, "dev_prefix_unique_gold_tokens": 43, "dev_stem_token_precision": 0.02528824547832173, "dev_stem_token_recall": 0.0730630055342699, "dev_stem_token_f1": 0.037572175245601074, "dev_stem_boundary_precision": 0.29821301494425556, "dev_stem_boundary_recall": 0.7138260622693291, "dev_stem_boundary_f1": 0.42067984718775275, "dev_stem_unique_gold_tokens": 8259, "dev_suffix_token_precision": 0.5107778819119025, "dev_suffix_token_recall": 0.5673143650242887, "dev_suffix_token_f1": 0.5375637021206641, "dev_suffix_boundary_precision": 0.8695829926410467, "dev_suffix_boundary_recall": 0.6274953289408988, "dev_suffix_boundary_f1": 0.728965556634489, "dev_suffix_unique_gold_tokens": 43, "test_token_precision": 0.1658107658772675, "test_token_recall": 0.3119988877045002, "test_token_f1": 0.21654135338345865, "test_boundary_precision": 0.2742565383014821, "test_boundary_recall": 0.701363022389587, "test_boundary_f1": 0.3943204961511466, "test_unique_predicted_tokens": 1836, "test_unique_gold_tokens": 8295, "test_prefix_token_precision": 0.2829580714456202, "test_prefix_token_recall": 0.4481194481194481, "test_prefix_token_f1": 0.34688254370778576, "test_prefix_boundary_precision": 0.5801803434682133, "test_prefix_boundary_recall": 0.7183169705469846, "test_prefix_boundary_f1": 0.6419010377500376, "test_prefix_unique_gold_tokens": 43, "test_stem_token_precision": 0.02496151920330842, "test_stem_token_recall": 0.07189018853816162, "test_stem_token_f1": 0.03705641053877708, "test_stem_boundary_precision": 0.29985082048731976, "test_stem_boundary_recall": 0.7160839825194756, "test_stem_boundary_f1": 0.4227010809370925, "test_stem_unique_gold_tokens": 8219, "test_suffix_token_precision": 0.5304154302670623, "test_suffix_token_recall": 0.5848329048843187, "test_suffix_token_f1": 0.5562965432922085, "test_suffix_boundary_precision": 0.8792130967120649, "test_suffix_boundary_recall": 0.6400600901352028, "test_suffix_boundary_f1": 0.7408137243537731, "test_suffix_unique_gold_tokens": 43}
