{"step": 300, "dev_accuracy": 0.7233343720436096, "test_accuracy": 0.7169181704521179, "dev_entroy": 0.27492654379179404, "test_entropy": 0.27550537398647845, "l1": "0.1", "seed": "42", "data": "arxiv", "dev_token_precision": 0.1839162101968338, "dev_token_recall": 0.3523943532016977, "dev_token_f1": 0.2416921774761306, "dev_boundary_precision": 0.2793241329951924, "dev_boundary_recall": 0.730985342019544, "dev_boundary_f1": 0.40419663863654276, "dev_unique_predicted_tokens": 1780, "dev_unique_gold_tokens": 8335, "dev_prefix_token_precision": 0.315955766192733, "dev_prefix_token_recall": 0.5152695739600351, "dev_prefix_token_f1": 0.3917166264599804, "dev_prefix_boundary_precision": 0.5676758106886008, "dev_prefix_boundary_recall": 0.7398551944771847, "dev_prefix_boundary_f1": 0.6424289682733076, "dev_prefix_unique_gold_tokens": 43, "dev_stem_token_precision": 0.02392300472939401, "dev_stem_token_recall": 0.06917837377607493, "dev_stem_token_f1": 0.03555166614250748, "dev_stem_boundary_precision": 0.3036980452070357, "dev_stem_boundary_recall": 0.7336519352701808, "dev_stem_boundary_f1": 0.4295727821798636, "dev_stem_unique_gold_tokens": 8259, "dev_suffix_token_precision": 0.6160162081467264, "dev_suffix_token_recall": 0.6681702521397178, "dev_suffix_token_f1": 0.6410341766533512, "dev_suffix_boundary_precision": 0.9079361086655766, "dev_suffix_boundary_recall": 0.7099026452945225, "dev_suffix_boundary_f1": 0.7967991169977924, "dev_suffix_unique_gold_tokens": 43, "test_token_precision": 0.1880281690140845, "test_token_recall": 0.35885433563516705, "test_token_f1": 0.2467613174625938, "test_boundary_precision": 0.28301145559972973, "test_boundary_recall": 0.7371781752691253, "test_boundary_f1": 0.40900213471408453, "test_unique_predicted_tokens": 1789, "test_unique_gold_tokens": 8295, "test_prefix_token_precision": 0.3265721669668729, "test_prefix_token_recall": 0.5254205254205254, "test_prefix_token_f1": 0.40279152882084474, "test_prefix_boundary_precision": 0.5795449601948928, "test_prefix_boundary_recall": 0.7473772791023843, "test_prefix_boundary_f1": 0.6528472018033912, "test_prefix_unique_gold_tokens": 43, "test_stem_token_precision": 0.024840233398166156, "test_stem_token_recall": 0.07162313731773755, "test_stem_token_f1": 0.036887275127908896, "test_stem_boundary_precision": 0.30594811636420893, "test_stem_boundary_recall": 0.738362150864526, "test_stem_boundary_f1": 0.4326310222939686, "test_stem_unique_gold_tokens": 8219, "test_suffix_token_precision": 0.6270252754374595, "test_suffix_token_recall": 0.6783126898808133, "test_suffix_token_f1": 0.6516614279299506, "test_suffix_boundary_precision": 0.910873440285205, "test_suffix_boundary_recall": 0.7164747120681022, "test_suffix_boundary_f1": 0.8020628959022366, "test_suffix_unique_gold_tokens": 43}
