{"step": 1200, "dev_accuracy": 0.713273823261261, "test_accuracy": 0.7092701196670532, "dev_entroy": 0.13481864379382494, "test_entropy": 0.13512007369249546, "l1": "1.0", "seed": "42", "data": "arxiv", "dev_token_precision": 0.17811791659557874, "dev_token_recall": 0.33714707510610814, "dev_token_f1": 0.23309146001116338, "dev_boundary_precision": 0.2800714443777068, "dev_boundary_recall": 0.7214576547231271, "dev_boundary_f1": 0.40350237970532643, "dev_unique_predicted_tokens": 1882, "dev_unique_gold_tokens": 8335, "dev_prefix_token_precision": 0.3073223286775174, "dev_prefix_token_recall": 0.5018851325876587, "dev_prefix_token_f1": 0.38121375557835957, "dev_prefix_boundary_precision": 0.5746791624451199, "dev_prefix_boundary_recall": 0.7640455744513667, "dev_prefix_boundary_f1": 0.6559691603421275, "dev_prefix_unique_gold_tokens": 43, "dev_stem_token_precision": 0.02958955223880597, "dev_stem_token_recall": 0.08439761600681141, "dev_stem_token_f1": 0.0438169963531882, "dev_stem_boundary_precision": 0.30664116967451494, "dev_stem_boundary_recall": 0.7283997350241317, "dev_stem_boundary_f1": 0.4315913423797241, "dev_stem_unique_gold_tokens": 8259, "dev_suffix_token_precision": 0.5416756176154672, "dev_suffix_token_recall": 0.5832755031228314, "dev_suffix_token_f1": 0.5617063934061037, "dev_suffix_boundary_precision": 0.9064129668780831, "dev_suffix_boundary_recall": 0.6324122332579408, "dev_suffix_boundary_f1": 0.7450185356811864, "dev_suffix_unique_gold_tokens": 43, "test_token_precision": 0.1816558281604099, "test_token_recall": 0.34177596514807435, "test_token_f1": 0.23722516204783428, "test_boundary_precision": 0.2841089180233396, "test_boundary_recall": 0.7264540952069093, "test_boundary_f1": 0.408469505178366, "test_unique_predicted_tokens": 1866, "test_unique_gold_tokens": 8295, "test_prefix_token_precision": 0.313768342179207, "test_prefix_token_recall": 0.5065205065205065, "test_prefix_token_f1": 0.38749789141383717, "test_prefix_boundary_precision": 0.5832727894354459, "test_prefix_boundary_recall": 0.7656661991584853, "test_prefix_boundary_f1": 0.6621385600620998, "test_prefix_unique_gold_tokens": 43, "test_stem_token_precision": 0.030924141572228614, "test_stem_token_recall": 0.08759280029909737, "test_stem_token_f1": 0.04571046323652378, "test_stem_boundary_precision": 0.31085043988269795, "test_stem_boundary_recall": 0.7351320539616188, "test_stem_boundary_f1": 0.4369406250882295, "test_stem_unique_gold_tokens": 8219, "test_suffix_token_precision": 0.5499023649381645, "test_suffix_token_recall": 0.5923112876840383, "test_suffix_token_f1": 0.5703195319531953, "test_suffix_boundary_precision": 0.9061433447098977, "test_suffix_boundary_recall": 0.6381572358537807, "test_suffix_boundary_f1": 0.7488981606628666, "test_suffix_unique_gold_tokens": 43}
