{"step": 960, "dev_accuracy": 0.5746666789054871, "test_accuracy": 0.5933333039283752, "vsize": "50", "seed": "46", "data": "100", "token_precision": 0.3553408480944713, "token_recall": 0.4828592268417214, "token_f1": 0.409400123685838, "boundary_precision": 0.48936170212765956, "boundary_recall": 0.7657864523536165, "boundary_f1": 0.5971351835273052}
{"step": 570, "dev_accuracy": 0.8293333053588867, "test_accuracy": 0.8286666870117188, "vsize": "50", "seed": "42", "data": "500", "token_precision": 0.25741670470104977, "token_recall": 0.4113785557986871, "token_f1": 0.31667602470522177, "boundary_precision": 0.46481371969248964, "boundary_recall": 0.9024110218140069, "boundary_f1": 0.6135831381733021}
{"step": 390, "dev_accuracy": 0.965999960899353, "test_accuracy": 0.9539999961853027, "vsize": "50", "seed": "44", "data": "small", "token_precision": 0.3395748987854251, "token_recall": 0.4894237782640408, "token_f1": 0.400956080071706, "boundary_precision": 0.5006775067750677, "boundary_recall": 0.8484500574052812, "boundary_f1": 0.6297400937366852}
{"step": 510, "dev_accuracy": 0.9993333220481873, "test_accuracy": 0.9993333220481873, "vsize": "50", "seed": "46", "data": "full", "token_precision": 0.37596302003081666, "token_recall": 0.5339168490153173, "token_f1": 0.4412296564195298, "boundary_precision": 0.5279889426399447, "boundary_recall": 0.8771526980482205, "boundary_f1": 0.6591889559965488}
