{"step": 990, "dev_accuracy": 0.5733333230018616, "test_accuracy": 0.5986666679382324, "dev_entroy": 0.07592829534118296, "test_entropy": 0.07762631570303162, "vsize": "50", "seed": "48", "data": "100", "train.100_token_precision": 0.212, "train.100_token_recall": 0.381294964028777, "train.100_token_f1": 0.27249357326478146, "train.100_boundary_precision": 0.2475, "train.100_boundary_recall": 0.5561797752808989, "train.100_boundary_f1": 0.342560553633218, "train.100_unique_predicted_tokens": 159, "train.100_unique_gold_tokens": 79, "train.100_prefix_token_precision": 0.49, "train.100_prefix_token_recall": 0.5632183908045977, "train.100_prefix_token_f1": 0.5240641711229945, "train.100_prefix_boundary_precision": 0.796875, "train.100_prefix_boundary_recall": 0.5862068965517241, "train.100_prefix_boundary_f1": 0.6754966887417218, "train.100_prefix_unique_gold_tokens": 10, "train.100_stem_token_precision": 0.08620689655172414, "train.100_stem_token_recall": 0.15, "train.100_stem_token_f1": 0.10948905109489052, "train.100_stem_boundary_precision": 0.5439560439560439, "train.100_stem_boundary_recall": 0.553072625698324, "train.100_stem_boundary_f1": 0.5484764542936289, "train.100_stem_unique_gold_tokens": 69, "train.100_suffix_token_precision": 0.3783783783783784, "train.100_suffix_token_recall": 0.46153846153846156, "train.100_suffix_token_f1": 0.4158415841584158, "train.100_suffix_boundary_precision": 0.3137254901960784, "train.100_suffix_boundary_recall": 0.5274725274725275, "train.100_suffix_boundary_f1": 0.39344262295081966, "train.100_suffix_unique_gold_tokens": 10, "dev_token_precision": 0.2100383631713555, "dev_token_recall": 0.47368421052631576, "dev_token_f1": 0.29102990033222587, "dev_boundary_precision": 0.2560882800608828, "dev_boundary_recall": 0.7587373167981961, "dev_boundary_f1": 0.3829302987197724, "dev_unique_predicted_tokens": 477, "dev_unique_gold_tokens": 104, "dev_prefix_token_precision": 0.5308880308880309, "dev_prefix_token_recall": 0.6425233644859814, "dev_prefix_token_f1": 0.5813953488372093, "dev_prefix_boundary_precision": 0.7721518987341772, "dev_prefix_boundary_recall": 0.7126168224299065, "dev_prefix_boundary_f1": 0.7411907654921019, "dev_prefix_unique_gold_tokens": 10, "dev_stem_token_precision": 0.08624229979466119, "dev_stem_token_recall": 0.168, "dev_stem_token_f1": 0.11397557666214385, "dev_stem_boundary_precision": 0.5664983164983165, "dev_stem_boundary_recall": 0.7544843049327354, "dev_stem_boundary_f1": 0.6471153846153846, "dev_stem_unique_gold_tokens": 98, "dev_suffix_token_precision": 0.5228070175438596, "dev_suffix_token_recall": 0.6492374727668845, "dev_suffix_token_f1": 0.5792031098153546, "dev_suffix_boundary_precision": 0.3961248654467169, "dev_suffix_boundary_recall": 0.8017429193899782, "dev_suffix_boundary_f1": 0.5302593659942362, "dev_suffix_unique_gold_tokens": 10, "test_token_precision": 0.2113171355498721, "test_token_recall": 0.48212983223924144, "test_token_f1": 0.2938430762391643, "test_boundary_precision": 0.2538051750380518, "test_boundary_recall": 0.7657864523536165, "test_boundary_f1": 0.3812517862246357, "test_unique_predicted_tokens": 495, "test_unique_gold_tokens": 106, "test_prefix_token_precision": 0.54296875, "test_prefix_token_recall": 0.6525821596244131, "test_prefix_token_f1": 0.5927505330490406, "test_prefix_boundary_precision": 0.7844611528822055, "test_prefix_boundary_recall": 0.7347417840375586, "test_prefix_boundary_f1": 0.7587878787878787, "test_prefix_unique_gold_tokens": 10, "test_stem_token_precision": 0.0882936507936508, "test_stem_token_recall": 0.178, "test_stem_token_f1": 0.11803713527851457, "test_stem_boundary_precision": 0.5422764227642276, "test_stem_boundary_recall": 0.757094211123723, "test_stem_boundary_f1": 0.6319279962103268, "test_stem_unique_gold_tokens": 99, "test_suffix_token_precision": 0.5374771480804388, "test_suffix_token_recall": 0.6606741573033708, "test_suffix_token_f1": 0.5927419354838709, "test_suffix_boundary_precision": 0.4004524886877828, "test_suffix_boundary_recall": 0.7955056179775281, "test_suffix_boundary_f1": 0.5327313769751693, "test_suffix_unique_gold_tokens": 10}
{"step": 720, "dev_accuracy": 0.825333297252655, "test_accuracy": 0.8199999928474426, "dev_entroy": 0.021143481248158767, "test_entropy": 0.020360297780554072, "vsize": "50", "seed": "42", "data": "500", "train.100_token_precision": 0.225, "train.100_token_recall": 0.4856115107913669, "train.100_token_f1": 0.30751708428246016, "train.100_boundary_precision": 0.31, "train.100_boundary_recall": 0.8707865168539326, "train.100_boundary_f1": 0.4572271386430678, "train.100_unique_predicted_tokens": 163, "train.100_unique_gold_tokens": 79, "train.100_prefix_token_precision": 0.5315315315315315, "train.100_prefix_token_recall": 0.6781609195402298, "train.100_prefix_token_f1": 0.5959595959595959, "train.100_prefix_boundary_precision": 0.7647058823529411, "train.100_prefix_boundary_recall": 0.896551724137931, "train.100_prefix_boundary_f1": 0.8253968253968255, "train.100_prefix_unique_gold_tokens": 10, "train.100_stem_token_precision": 0.12105263157894737, "train.100_stem_token_recall": 0.23, "train.100_stem_token_f1": 0.15862068965517243, "train.100_stem_boundary_precision": 0.610236220472441, "train.100_stem_boundary_recall": 0.8659217877094972, "train.100_stem_boundary_f1": 0.7159353348729793, "train.100_stem_unique_gold_tokens": 69, "train.100_suffix_token_precision": 0.4344262295081967, "train.100_suffix_token_recall": 0.5824175824175825, "train.100_suffix_token_f1": 0.4976525821596243, "train.100_suffix_boundary_precision": 0.4052631578947368, "train.100_suffix_boundary_recall": 0.8461538461538461, "train.100_suffix_boundary_f1": 0.5480427046263345, "train.100_suffix_unique_gold_tokens": 10, "dev_token_precision": 0.17142857142857143, "dev_token_recall": 0.43258832011535686, "dev_token_f1": 0.24554941682013504, "dev_boundary_precision": 0.2673333333333333, "dev_boundary_recall": 0.9041713641488163, "dev_boundary_f1": 0.4126575765371752, "dev_unique_predicted_tokens": 476, "dev_unique_gold_tokens": 104, "dev_prefix_token_precision": 0.41235392320534225, "dev_prefix_token_recall": 0.5771028037383178, "dev_prefix_token_f1": 0.4810126582278481, "dev_prefix_boundary_precision": 0.6913357400722022, "dev_prefix_boundary_recall": 0.8948598130841121, "dev_prefix_boundary_f1": 0.7800407331975561, "dev_prefix_unique_gold_tokens": 10, "dev_stem_token_precision": 0.0940940940940941, "dev_stem_token_recall": 0.188, "dev_stem_token_f1": 0.12541694462975317, "dev_stem_boundary_precision": 0.5976154992548435, "dev_stem_boundary_recall": 0.899103139013453, "dev_stem_boundary_f1": 0.7179946284691137, "dev_stem_unique_gold_tokens": 98, "dev_suffix_token_precision": 0.4065934065934066, "dev_suffix_token_recall": 0.5642701525054467, "dev_suffix_token_f1": 0.4726277372262774, "dev_suffix_boundary_precision": 0.4013409961685824, "dev_suffix_boundary_recall": 0.9128540305010894, "dev_suffix_boundary_f1": 0.5575515635395875, "dev_suffix_unique_gold_tokens": 10, "test_token_precision": 0.16228571428571428, "test_token_recall": 0.41429613420860684, "test_token_f1": 0.2332169985629234, "test_boundary_precision": 0.263, "test_boundary_recall": 0.9058553386911596, "test_boundary_f1": 0.40764660294497546, "test_unique_predicted_tokens": 493, "test_unique_gold_tokens": 106, "test_prefix_token_precision": 0.38752052545155996, "test_prefix_token_recall": 0.5539906103286385, "test_prefix_token_f1": 0.4560386473429952, "test_prefix_boundary_precision": 0.6839378238341969, "test_prefix_boundary_recall": 0.9295774647887324, "test_prefix_boundary_f1": 0.7880597014925373, "test_prefix_unique_gold_tokens": 10, "test_stem_token_precision": 0.09874152952565343, "test_stem_token_recall": 0.204, "test_stem_token_f1": 0.13307240704500978, "test_stem_boundary_precision": 0.5729847494553377, "test_stem_boundary_recall": 0.8955732122587968, "test_stem_boundary_f1": 0.6988485385296722, "test_stem_unique_gold_tokens": 99,