{"step": 3000, "dev_accuracy": 0.5220000147819519, "test_accuracy": 0.5513333082199097, "train_accuracy": 1.0, "dev_entroy": 0.05334839294007115, "test_entropy": 0.05484788604327088, "l1": "0.1", "seed": "56", "data": "100", "train.100_token_precision": 0.0297029702970297, "train.100_token_recall": 0.01079136690647482, "train.100_token_f1": 0.0158311345646438, "train.100_boundary_precision": 1.0, "train.100_boundary_recall": 0.0056179775280898875, "train.100_boundary_f1": 0.0111731843575419, "train.100_unique_predicted_tokens": 101, "train.100_unique_gold_tokens": 0, "train.100_prefix_token_precision": 0.0, "train.100_prefix_token_recall": 0.0, "train.100_prefix_token_f1": 0, "train.100_prefix_boundary_precision": 0, "train.100_prefix_boundary_recall": 0.0, "train.100_prefix_boundary_f1": 0, "train.100_prefix_unique_gold_tokens": 10, "train.100_stem_token_precision": 0.02, "train.100_stem_token_recall": 0.02, "train.100_stem_token_f1": 0.02, "train.100_stem_boundary_precision": 1.0, "train.100_stem_boundary_recall": 0.00558659217877095, "train.100_stem_boundary_f1": 0.011111111111111112, "train.100_stem_unique_gold_tokens": 69, "train.100_suffix_token_precision": 0.01098901098901099, "train.100_suffix_token_recall": 0.01098901098901099, "train.100_suffix_token_f1": 0.01098901098901099, "train.100_suffix_boundary_precision": 1.0, "train.100_suffix_boundary_recall": 0.01098901098901099, "train.100_suffix_boundary_f1": 0.02173913043478261, "train.100_suffix_unique_gold_tokens": 10, "dev_token_precision": 0.32942238267148016, "dev_token_recall": 0.2631578947368421, "dev_token_f1": 0.2925851703406814, "dev_boundary_precision": 0.4506578947368421, "dev_boundary_recall": 0.3089064261555806, "dev_boundary_f1": 0.3665551839464883, "dev_unique_predicted_tokens": 285, "dev_unique_gold_tokens": 0, "dev_prefix_token_precision": 0.34375, "dev_prefix_token_recall": 0.3598130841121495, "dev_prefix_token_f1": 0.3515981735159817, "dev_prefix_boundary_precision": 0.8850574712643678, "dev_prefix_boundary_recall": 0.3598130841121495, "dev_prefix_boundary_f1": 0.5116279069767442, "dev_prefix_unique_gold_tokens": 10, "dev_stem_token_precision": 0.11636828644501279, "dev_stem_token_recall": 0.182, "dev_stem_token_f1": 0.1419656786271451, "dev_stem_boundary_precision": 0.49280575539568344, "dev_stem_boundary_recall": 0.3071748878923767, "dev_stem_boundary_f1": 0.3784530386740331, "dev_stem_unique_gold_tokens": 98, "dev_suffix_token_precision": 0.24439918533604887, "dev_suffix_token_recall": 0.26143790849673204, "dev_suffix_token_f1": 0.25263157894736843, "dev_suffix_boundary_precision": 0.7894736842105263, "dev_suffix_boundary_recall": 0.26143790849673204, "dev_suffix_boundary_f1": 0.3927986906710311, "dev_suffix_unique_gold_tokens": 10, "test_token_precision": 0.36193029490616624, "test_token_recall": 0.29540481400437635, "test_token_f1": 0.3253012048192771, "test_boundary_precision": 0.4781906300484653, "test_boundary_recall": 0.33983926521239954, "test_boundary_f1": 0.39731543624161075, "test_unique_predicted_tokens": 282, "test_unique_gold_tokens": 0, "test_prefix_token_precision": 0.39198218262806234, "test_prefix_token_recall": 0.4131455399061033, "test_prefix_token_f1": 0.4022857142857143, "test_prefix_boundary_precision": 0.8844221105527639, "test_prefix_boundary_recall": 0.4131455399061033, "test_prefix_boundary_f1": 0.5632000000000001, "test_prefix_unique_gold_tokens": 10, "test_stem_token_precision": 0.14192708333333334, "test_stem_token_recall": 0.218, "test_stem_token_f1": 0.1719242902208202, "test_stem_boundary_precision": 0.524822695035461, "test_stem_boundary_recall": 0.33598183881952326, "test_stem_boundary_f1": 0.40968858131487884, "test_stem_unique_gold_tokens": 99, "test_suffix_token_precision": 0.25157232704402516, "test_suffix_token_recall": 0.2696629213483146, "test_suffix_token_f1": 0.2603036876355749, "test_suffix_boundary_precision": 0.7894736842105263, "test_suffix_boundary_recall": 0.2696629213483146, "test_suffix_boundary_f1": 0.4020100502512563, "test_suffix_unique_gold_tokens": 10}
{"step": 3000, "dev_accuracy": 0.753333330154419, "test_accuracy": 0.7553333044052124, "train_accuracy": 1.0, "dev_entroy": 0.13137301203997348, "test_entropy": 0.133011098824143, "l1": "0.01", "seed": "48", "data": "500", "train.100_token_precision": 0.26490066225165565, "train.100_token_recall": 0.14388489208633093, "train.100_token_f1": 0.1864801864801865, "train.100_boundary_precision": 0.7647058823529411, "train.100_boundary_recall": 0.21910112359550563, "train.100_boundary_f1": 0.3406113537117904, "train.100_unique_predicted_tokens": 114, "train.100_unique_gold_tokens": 0, "train.100_prefix_token_precision": 0.4367816091954023, "train.100_prefix_token_recall": 0.4367816091954023, "train.100_prefix_token_f1": 0.4367816091954023, "train.100_prefix_boundary_precision": 1.0, "train.100_prefix_boundary_recall": 0.4367816091954023, "train.100_prefix_boundary_f1": 0.608, "train.100_prefix_unique_gold_tokens": 10, "train.100_stem_token_precision": 0.01818181818181818, "train.100_stem_token_recall": 0.02, "train.100_stem_token_f1": 0.01904761904761905, "train.100_stem_boundary_precision": 0.7959183673469388, "train.100_stem_boundary_recall": 0.21787709497206703, "train.100_stem_boundary_f1": 0.34210526315789475, "train.100_stem_unique_gold_tokens": 69, "train.100_suffix_token_precision": 0.0, "train.100_suffix_token_recall": 0.0, "train.100_suffix_token_f1": 0, "train.100_suffix_boundary_precision": 0.3333333333333333, "train.100_suffix_boundary_recall": 0.01098901098901099, "train.100_suffix_boundary_f1": 0.02127659574468085, "train.100_suffix_unique_gold_tokens": 10, "dev_token_precision": 0.42803030303030304, "dev_token_recall": 0.32588320115356884, "dev_token_f1": 0.37003683995088005, "dev_boundary_precision": 0.670863309352518, "dev_boundary_recall": 0.4205186020293123, "dev_boundary_f1": 0.5169785169785169, "dev_unique_predicted_tokens": 368, "dev_unique_gold_tokens": 0, "dev_prefix_token_precision": 0.5926773455377574, "dev_prefix_token_recall": 0.6051401869158879, "dev_prefix_token_f1": 0.5988439306358382, "dev_prefix_boundary_precision": 0.9664179104477612, "dev_prefix_boundary_recall": 0.6051401869158879, "dev_prefix_boundary_f1": 0.7442528735632185, "dev_prefix_unique_gold_tokens": 10, "dev_stem_token_precision": 0.14896988906497624, "dev_stem_token_recall": 0.188, "dev_stem_token_f1": 0.16622458001768345, "dev_stem_boundary_precision": 0.7400793650793651, "dev_stem_boundary_recall": 0.41816143497757846, "dev_stem_boundary_f1": 0.5343839541547277, "dev_stem_unique_gold_tokens": 98, "dev_suffix_token_precision": 0.19721115537848605, "dev_suffix_token_recall": 0.21568627450980393, "dev_suffix_token_f1": 0.20603537981269512, "dev_suffix_boundary_precision": 0.7261146496815286, "dev_suffix_boundary_recall": 0.24836601307189543, "dev_suffix_boundary_f1": 0.37012987012987014, "dev_suffix_unique_gold_tokens": 10, "test_token_precision": 0.42125237191650855, "test_token_recall": 0.3238512035010941, "test_token_f1": 0.36618556701030924, "test_boundary_precision": 0.6425992779783394, "test_boundary_recall": 0.4087256027554535, "test_boundary_f1": 0.4996491228070175, "test_unique_predicted_tokens": 370, "test_unique_gold_tokens": 0, "test_prefix_token_precision": 0.5894495412844036, "test_prefix_token_recall": 0.6032863849765259, "test_prefix_token_f1": 0.5962877030162412, "test_prefix_boundary_precision": 0.9625468164794008, "test_prefix_boundary_recall": 0.6032863849765259, "test_prefix_boundary_f1": 0.7417027417027418, "test_prefix_unique_gold_tokens": 10, "test_stem_token_precision": 0.15987460815047022, "test_stem_token_recall": 0.204, "test_stem_token_f1": 0.17926186291739893, "test_stem_boundary_precision": 0.7206477732793523, "test_stem_boundary_recall": 0.40408626560726446, "test_stem_boundary_f1": 0.5178181818181818, "test_stem_unique_gold_tokens": 99, "test_suffix_token_precision": 0.1717171717171717, "test_suffix_token_recall": 0.19101123595505617,