{"step": 300, "dev_accuracy": 0.5746666789054871, "test_accuracy": 0.5686666369438171, "train_accuracy": 1.0, "dev_entroy": 0.2328186843991329, "test_entropy": 0.22622584061386627, "l1": "0.01", "seed": "48", "data": "100", "train.100_token_precision": 0.23711340206185566, "train.100_token_recall": 0.16546762589928057, "train.100_token_f1": 0.19491525423728812, "train.100_boundary_precision": 0.3829787234042553, "train.100_boundary_recall": 0.20224719101123595, "train.100_boundary_f1": 0.26470588235294124, "train.100_unique_predicted_tokens": 123, "train.100_unique_gold_tokens": 79, "train.100_prefix_token_precision": 0.20430107526881722, "train.100_prefix_token_recall": 0.21839080459770116, "train.100_prefix_token_f1": 0.21111111111111114, "train.100_prefix_boundary_precision": 0.76, "train.100_prefix_boundary_recall": 0.21839080459770116, "train.100_prefix_boundary_f1": 0.3392857142857143, "train.100_prefix_unique_gold_tokens": 10, "train.100_stem_token_precision": 0.072992700729927, "train.100_stem_token_recall": 0.1, "train.100_stem_token_f1": 0.08438818565400844, "train.100_stem_boundary_precision": 0.4931506849315068, "train.100_stem_boundary_recall": 0.2011173184357542, "train.100_stem_boundary_f1": 0.2857142857142857, "train.100_stem_unique_gold_tokens": 69, "train.100_suffix_token_precision": 0.16037735849056603, "train.100_suffix_token_recall": 0.18681318681318682, "train.100_suffix_token_f1": 0.17258883248730966, "train.100_suffix_boundary_precision": 0.53125, "train.100_suffix_boundary_recall": 0.18681318681318682, "train.100_suffix_boundary_f1": 0.2764227642276423, "train.100_suffix_unique_gold_tokens": 10, "dev_token_precision": 0.38979118329466356, "dev_token_recall": 0.36337418889689976, "dev_token_f1": 0.3761194029850746, "dev_boundary_precision": 0.4703656998738966, "dev_boundary_recall": 0.4205186020293123, "dev_boundary_f1": 0.4440476190476191, "dev_unique_predicted_tokens": 197, "dev_unique_gold_tokens": 104, "dev_prefix_token_precision": 0.4837310195227766, "dev_prefix_token_recall": 0.5210280373831776, "dev_prefix_token_f1": 0.501687289088864, "dev_prefix_boundary_precision": 0.87109375, "dev_prefix_boundary_recall": 0.5210280373831776, "dev_prefix_boundary_f1": 0.652046783625731, "dev_prefix_unique_gold_tokens": 10, "dev_stem_token_precision": 0.1717948717948718, "dev_stem_token_recall": 0.268, "dev_stem_token_f1": 0.209375, "dev_stem_boundary_precision": 0.5712098009188361, "dev_stem_boundary_recall": 0.41816143497757846, "dev_stem_boundary_f1": 0.48284789644012943, "dev_stem_unique_gold_tokens": 98, "dev_suffix_token_precision": 0.2597173144876325, "dev_suffix_token_recall": 0.3202614379084967, "dev_suffix_token_f1": 0.2868292682926829, "dev_suffix_boundary_precision": 0.5836575875486382, "dev_suffix_boundary_recall": 0.32679738562091504, "dev_suffix_boundary_f1": 0.41899441340782123, "dev_suffix_unique_gold_tokens": 10, "test_token_precision": 0.42554858934169276, "test_token_recall": 0.39606126914660833, "test_token_f1": 0.410275783906309, "test_boundary_precision": 0.5193298969072165, "test_boundary_recall": 0.4626865671641791, "test_boundary_f1": 0.4893746205221616, "test_unique_predicted_tokens": 187, "test_unique_gold_tokens": 106, "test_prefix_token_precision": 0.514161220043573, "test_prefix_token_recall": 0.5539906103286385, "test_prefix_token_f1": 0.5333333333333333, "test_prefix_boundary_precision": 0.8773234200743495, "test_prefix_boundary_recall": 0.5539906103286385, "test_prefix_boundary_f1": 0.6791366906474819, "test_prefix_unique_gold_tokens": 10, "test_stem_token_precision": 0.1942257217847769, "test_stem_token_recall": 0.296, "test_stem_token_f1": 0.23454833597464345, "test_stem_boundary_precision": 0.606015037593985, "test_stem_boundary_recall": 0.45743473325766176, "test_stem_boundary_f1": 0.5213454075032341, "test_stem_unique_gold_tokens": 99, "test_suffix_token_precision": 0.30401529636711283, "test_suffix_token_recall": 0.35730337078651686, "test_suffix_token_f1": 0.32851239669421484, "test_suffix_boundary_precision": 0.6816326530612244, "test_suffix_boundary_recall": 0.3752808988764045, "test_suffix_boundary_f1": 0.4840579710144927, "test_suffix_unique_gold_tokens": 10}
{"step": 600, "dev_accuracy": 0.7806666493415833, "test_accuracy": 0.7746666669845581, "train_accuracy": 1.0, "dev_entroy": 0.23299866954003193, "test_entropy": 0.233137762796144, "l1": "0.1", "seed": "42", "data": "500", "train.100_token_precision": 0.35668789808917195, "train.100_token_recall": 0.2014388489208633, "train.100_token_f1": 0.25747126436781603, "train.100_boundary_precision": 0.8245614035087719, "train.100_boundary_recall": 0.2640449438202247, "train.100_boundary_f1": 0.39999999999999997, "train.100_unique_predicted_tokens": 115, "train.100_unique_gold_tokens": 79, "train.100_prefix_token_precision": 0.26436781609195403, "train.100_prefix_token_recall": 0.26436781609195403, "train.100_prefix_token_f1": 0.26436781609195403, "train.100_prefix_boundary_precision": 1.0, "train.100_prefix_boundary_recall": 0.26436781609195403, "train.100_prefix_boundary_f1": 0.4181818181818182, "train.100_prefix_unique_gold_tokens": 10, "train.100_stem_token_precision": 0.08256880733944955, "train.100_stem_token_recall": 0.09, "train.100_stem_token_f1": 0.08612440191387559, "train.100_stem_boundary_precision": 0.8392857142857143, "train.100_stem_boundary_recall": 0.26256983240223464, "train.100_stem_boundary_f1": 0.4, "train.100_stem_unique_gold_tokens": 69, "train.100_suffix_token_precision": 0.2608695652173913, "train.100_suffix_token_recall": 0.26373626373626374, "train.100_suffix_token_f1": 0.26229508196721313, "train.100_suffix_boundary_precision": 0.96, "train.100_suffix_boundary_recall": 0.26373626373626374, "train.100_suffix_boundary_f1": 0.4137931034482759, "train.100_suffix_unique_gold_tokens": 10, "dev_token_precision": 0.5055045871559632, "dev_token_recall": 0.3972602739726027, "dev_token_f1": 0.4448930157448527, "dev_boundary_precision": 0.6966101694915254, "dev_boundary_recall": 0.4633596392333709, "dev_boundary_f1": 0.5565335138794854, "dev_unique_predicted_tokens": 328, "dev_unique_gold_tokens": 104, "dev_prefix_token_precision": 0.5409090909090909, "dev_prefix_token_recall": 0.5560747663551402, "dev_prefix_token_f1": 0.5483870967741936, "dev_prefix_boundary_precision": 0.952, "dev_prefix_boundary_recall": 0.5560747663551402, "dev_prefix_boundary_f1": 0.7020648967551623, "dev_prefix_unique_gold_tokens": 10, "dev_stem_token_precision": 0.2229299363057325, "dev_stem_token_recall": 0.28, "dev_stem_token_f1": 0.24822695035460995, "dev_stem_boundary_precision": 0.7625231910946196, "dev_stem_boundary_recall": 0.460762331838565, "dev_stem_boundary_f1": 0.5744234800838575, "dev_stem_unique_gold_tokens": 98, "dev_suffix_token_precision": 0.3473895582329317, "dev_suffix_token_recall": 0.3769063180827887, "dev_suffix_token_f1": 0.361546499477534, "dev_suffix_boundary_precision": 0.8160377358490566, "dev_suffix_boundary_recall": 0.3769063180827887, "dev_suffix_boundary_f1": 0.5156482861400895, "dev_suffix_unique_gold_tokens": 10, "test_token_precision": 0.5046554934823091, "test_token_recall": 0.3953318745441284, "test_token_f1": 0.4433537832310839, "test_boundary_precision": 0.7003484320557491, "test_boundary_recall": 0.46153846153846156, "test_boundary_f1": 0.5564013840830451, "test_unique_predicted_tokens": 334, "test_unique_gold_tokens": 106, "test_prefix_token_precision": 0.5444191343963554, "test_prefix_token_recall": 0.5610328638497653, "test_prefix_token_f1": 0.5526011560693642, "test_prefix_boundary_precision": 0.9484126984126984, "test_prefix_boundary_recall": 0.5610328638497653, "test_prefix_boundary_f1": 0.7050147492625369, "test_prefix_unique_gold_tokens": 10, "test_stem_token_precision": 0.22544283413848631, "test_stem_token_recall": 0.28, "test_stem_token_f1": 0.24977698483496877, "test_stem_boundary_precision": 0.768642447418738, "test_stem_boundary_recall": 0.45629965947786605,