{"step": 3000, "dev_accuracy": 0.5220000147819519, "test_accuracy": 0.5513333082199097, "train_accuracy": 1.0, "l1": "0.1", "seed": "56", "dev_entroy": 0.05334839294007115, "test_entropy": 0.05484788604327088, "data": "100", "train.100_token_precision": 0.0297029702970297, "train.100_token_recall": 0.01079136690647482, "train.100_token_f1": 0.0158311345646438, "train.100_boundary_precision": 1.0, "train.100_boundary_recall": 0.0056179775280898875, "train.100_boundary_f1": 0.0111731843575419, "dev_token_precision": 0.32942238267148016, "dev_token_recall": 0.2631578947368421, "dev_token_f1": 0.2925851703406814, "dev_boundary_precision": 0.4506578947368421, "dev_boundary_recall": 0.3089064261555806, "dev_boundary_f1": 0.3665551839464883, "test_token_precision": 0.36193029490616624, "test_token_recall": 0.29540481400437635, "test_token_f1": 0.3253012048192771, "test_boundary_precision": 0.4781906300484653, "test_boundary_recall": 0.33983926521239954, "test_boundary_f1": 0.39731543624161075}
{"step": 3000, "dev_accuracy": 0.753333330154419, "test_accuracy": 0.7553333044052124, "train_accuracy": 1.0, "l1": "0.01", "seed": "48", "dev_entroy": 0.13137301203997348, "test_entropy": 0.133011098824143, "data": "500", "train.100_token_precision": 0.26490066225165565, "train.100_token_recall": 0.14388489208633093, "train.100_token_f1": 0.1864801864801865, "train.100_boundary_precision": 0.7647058823529411, "train.100_boundary_recall": 0.21910112359550563, "train.100_boundary_f1": 0.3406113537117904, "dev_token_precision": 0.42803030303030304, "dev_token_recall": 0.32588320115356884, "dev_token_f1": 0.37003683995088005, "dev_boundary_precision": 0.670863309352518, "dev_boundary_recall": 0.4205186020293123, "dev_boundary_f1": 0.5169785169785169, "test_token_precision": 0.42125237191650855, "test_token_recall": 0.3238512035010941, "test_token_f1": 0.36618556701030924, "test_boundary_precision": 0.6425992779783394, "test_boundary_recall": 0.4087256027554535, "test_boundary_f1": 0.4996491228070175}
{"step": 3000, "dev_accuracy": 0.9120000004768372, "test_accuracy": 0.9020000100135803, "train_accuracy": 1.0, "l1": "0.1", "seed": "56", "dev_entroy": 0.0461280730698612, "test_entropy": 0.04761630220979213, "data": "small", "train.100_token_precision": 0.5397727272727273, "train.100_token_recall": 0.34172661870503596, "train.100_token_f1": 0.4185022026431718, "train.100_boundary_precision": 0.9736842105263158, "train.100_boundary_recall": 0.4157303370786517, "train.100_boundary_f1": 0.5826771653543308, "dev_token_precision": 0.6484674329501916, "dev_token_recall": 0.48810382119682766, "dev_token_f1": 0.5569724393253804, "dev_boundary_precision": 0.9558823529411765, "dev_boundary_recall": 0.5862457722660653, "dev_boundary_f1": 0.726764500349406, "test_token_precision": 0.6815165876777252, "test_token_recall": 0.524434719183078, "test_token_f1": 0.5927452596867272, "test_boundary_precision": 0.9531531531531532, "test_boundary_recall": 0.6073478760045924, "test_boundary_f1": 0.7419354838709677}
{"step": 3000, "dev_accuracy": 0.981333315372467, "test_accuracy": 0.9766666293144226, "train_accuracy": 0.996666669845581, "l1": "0.01", "seed": "48", "dev_entroy": 0.005541669046271483, "test_entropy": 0.006317752029616442, "data": "full", "train.100_token_precision": 0.581151832460733, "train.100_token_recall": 0.39928057553956836, "train.100_token_f1": 0.4733475479744137, "train.100_boundary_precision": 1.0, "train.100_boundary_recall": 0.5112359550561798, "train.100_boundary_f1": 0.6765799256505577, "dev_token_precision": 0.599591419816139, "dev_token_recall": 0.42321557317952413, "dev_token_f1": 0.4961961115807269, "dev_boundary_precision": 0.9937369519832986, "dev_boundary_recall": 0.5366403607666291, "dev_boundary_f1": 0.6969253294289898, "test_token_precision": 0.6236125126135217, "test_token_recall": 0.45076586433260396, "test_token_f1": 0.5232853513971211, "test_boundary_precision": 0.9816700610997964, "test_boundary_recall": 0.5533869115958668, "test_boundary_f1": 0.7077826725403817}
