{"step": 180, "dev_accuracy": 0.7295452356338501, "test_accuracy": 0.7236936688423157, "dev_entroy": 0, "test_entropy": 0, "seed": "42"}
