{"step": 180, "dev_accuracy": 0.6709840297698975, "test_accuracy": 0.6731948852539062, "dev_entroy": 0, "test_entropy": 0, "seed": "46", "dev_token_precision": 0.43365500158499637, "dev_token_recall": 0.5591688133917623, "dev_token_f1": 0.48847811464587326, "dev_boundary_precision": 0.48730724673542614, "dev_boundary_recall": 0.7411094575871093, "dev_boundary_f1": 0.5879894143991314, "dev_unique_predicted_tokens": 12048, "dev_unique_gold_tokens": 15568, "dev_prefix_token_precision": 0.7739139267937561, "dev_prefix_token_recall": 0.7878662530162013, "dev_prefix_token_f1": 0.7808277676237979, "dev_prefix_boundary_precision": 0.9789993575329264, "dev_prefix_boundary_recall": 0.7952314165497896, "dev_prefix_boundary_f1": 0.8775984018141569, "dev_prefix_unique_gold_tokens": 43, "dev_stem_token_precision": 0.2115155813847069, "dev_stem_token_recall": 0.3955881723650991, "dev_stem_token_f1": 0.275646664181886, "dev_stem_boundary_precision": 0.501568550561247, "dev_stem_boundary_recall": 0.7883889359734957, "dev_stem_boundary_f1": 0.6130916716596766, "dev_stem_unique_gold_tokens": 15493, "dev_suffix_token_precision": 0.5165647072731034, "dev_suffix_token_recall": 0.5934942786323045, "dev_suffix_token_f1": 0.5523637972443434, "dev_suffix_boundary_precision": 0.8295176273953434, "dev_suffix_boundary_recall": 0.6213351966692869, "dev_suffix_boundary_f1": 0.7104903951792789, "dev_suffix_unique_gold_tokens": 43, "test_token_precision": 0.43365936714552117, "test_token_recall": 0.5601946184754252, "test_token_f1": 0.4888719011869696, "test_boundary_precision": 0.4873822001304514, "test_boundary_recall": 0.743672460833605, "test_boundary_f1": 0.5888491090292733, "test_unique_predicted_tokens": 11987, "test_unique_gold_tokens": 15623, "test_prefix_token_precision": 0.7733704319500526, "test_prefix_token_recall": 0.7881868796901477, "test_prefix_token_f1": 0.7807083647324792, "test_prefix_boundary_precision": 0.9777035456996821, "test_prefix_boundary_recall": 0.795266310930697, "test_prefix_boundary_f1": 0.8770986027367585, "test_prefix_unique_gold_tokens": 43, "test_stem_token_precision": 0.21147162390817212, "test_stem_token_recall": 0.395666217459197, "test_stem_token_f1": 0.2756282736166059, "test_stem_boundary_precision": 0.5013898242821282, "test_stem_boundary_recall": 0.7910283407066824, "test_stem_boundary_f1": 0.6137542344935095, "test_stem_unique_gold_tokens": 15548, "test_suffix_token_precision": 0.5211167211167211, "test_suffix_token_recall": 0.5976158038147139, "test_suffix_token_f1": 0.5567507536093923, "test_suffix_boundary_precision": 0.8326148588294691, "test_suffix_boundary_recall": 0.6260658801541876, "test_suffix_boundary_f1": 0.7147167169503109, "test_suffix_unique_gold_tokens": 43}
