{"step": 120, "dev_accuracy": 0.6941369771957397, "test_accuracy": 0.6976512670516968, "dev_entroy": 0, "test_entropy": 0, "seed": "46"}
