{"step": 570, "dev_accuracy": 0.6306666731834412, "test_accuracy": 0.6246666312217712, "vsize": "50", "nbest": "10", "seed": "42", "data": "100", "token_precision": 0.2805722196585141, "token_recall": 0.4434719183078045, "token_f1": 0.3436970039570379, "boundary_precision": 0.4445110977804439, "boundary_recall": 0.8507462686567164, "boundary_f1": 0.5839243498817966}
{"step": 540, "dev_accuracy": 0.8266666531562805, "test_accuracy": 0.8066666722297668, "vsize": "100", "nbest": "10", "seed": "44", "data": "500", "token_precision": 0.34061569016881826, "token_recall": 0.50036469730124, "token_f1": 0.4053175775480059, "boundary_precision": 0.4749009247027741, "boundary_recall": 0.8254879448909299, "boundary_f1": 0.6029350104821802}
{"step": 450, "dev_accuracy": 0.9606666564941406, "test_accuracy": 0.9666666388511658, "vsize": "100", "nbest": "10", "seed": "42", "data": "small", "token_precision": 0.3397152675503191, "token_recall": 0.5047410649161196, "token_f1": 0.40610328638497656, "boundary_precision": 0.5146389069616135, "boundary_recall": 0.9081515499425947, "boundary_f1": 0.6569767441860465}
{"step": 510, "dev_accuracy": 0.9993333220481873, "test_accuracy": 0.9986666440963745, "vsize": "50", "nbest": "10", "seed": "42", "data": "full", "token_precision": 0.29465095194922936, "token_recall": 0.47410649161196206, "token_f1": 0.36343304445065694, "boundary_precision": 0.46131301289566234, "boundary_recall": 0.9035591274397244, "boundary_f1": 0.6107877376794723}
