{"step": 3000, "dev_accuracy": 0.5953333377838135, "test_accuracy": 0.6133333444595337, "train_accuracy": 1.0, "dev_entroy": 0.21288844903093587, "test_entropy": 0.21416157312689116, "l1": "1.0", "seed": "56", "data": "100", "train.100_token_precision": 0.0297029702970297, "train.100_token_recall": 0.01079136690647482, "train.100_token_f1": 0.0158311345646438, "train.100_boundary_precision": 1.0, "train.100_boundary_recall": 0.0056179775280898875, "train.100_boundary_f1": 0.0111731843575419, "train.100_unique_predicted_tokens": 101, "train.100_unique_gold_tokens": 79, "train.100_prefix_token_precision": 0.0, "train.100_prefix_token_recall": 0.0, "train.100_prefix_token_f1": 0, "train.100_prefix_boundary_precision": 0, "train.100_prefix_boundary_recall": 0.0, "train.100_prefix_boundary_f1": 0, "train.100_prefix_unique_gold_tokens": 10, "train.100_stem_token_precision": 0.02, "train.100_stem_token_recall": 0.02, "train.100_stem_token_f1": 0.02, "train.100_stem_boundary_precision": 1.0, "train.100_stem_boundary_recall": 0.00558659217877095, "train.100_stem_boundary_f1": 0.011111111111111112, "train.100_stem_unique_gold_tokens": 69, "train.100_suffix_token_precision": 0.01098901098901099, "train.100_suffix_token_recall": 0.01098901098901099, "train.100_suffix_token_f1": 0.01098901098901099, "train.100_suffix_boundary_precision": 1.0, "train.100_suffix_boundary_recall": 0.01098901098901099, "train.100_suffix_boundary_f1": 0.02173913043478261, "train.100_suffix_unique_gold_tokens": 10, "dev_token_precision": 0.37050359712230213, "dev_token_recall": 0.29704397981254504, "dev_token_f1": 0.32973189275710285, "dev_boundary_precision": 0.5163398692810458, "dev_boundary_recall": 0.35625704622322435, "dev_boundary_f1": 0.42161440960640434, "dev_unique_predicted_tokens": 286, "dev_unique_gold_tokens": 104, "dev_prefix_token_precision": 0.3824175824175824, "dev_prefix_token_recall": 0.40654205607476634, "dev_prefix_token_f1": 0.3941109852774632, "dev_prefix_boundary_precision": 0.8656716417910447, "dev_prefix_boundary_recall": 0.40654205607476634, "dev_prefix_boundary_f1": 0.5532591414944356, "dev_prefix_unique_gold_tokens": 10, "dev_stem_token_precision": 0.12955465587044535, "dev_stem_token_recall": 0.192, "dev_stem_token_f1": 0.15471394037066882, "dev_stem_boundary_precision": 0.5673249551166966, "dev_stem_boundary_recall": 0.3542600896860987, "dev_stem_boundary_f1": 0.4361628709454797, "dev_stem_unique_gold_tokens": 98, "dev_suffix_token_precision": 0.2915811088295688, "dev_suffix_token_recall": 0.3093681917211329, "dev_suffix_token_f1": 0.30021141649048627, "dev_suffix_boundary_precision": 0.8352941176470589, "dev_suffix_boundary_recall": 0.3093681917211329, "dev_suffix_boundary_f1": 0.451510333863275, "dev_suffix_unique_gold_tokens": 10, "test_token_precision": 0.40694568121104185, "test_token_recall": 0.3333333333333333, "test_token_f1": 0.36647955092221335, "test_boundary_precision": 0.5425361155698234, "test_boundary_recall": 0.3880597014925373, "test_boundary_f1": 0.4524765729585007, "test_unique_predicted_tokens": 288, "test_unique_gold_tokens": 106, "test_prefix_token_precision": 0.4008714596949891, "test_prefix_token_recall": 0.431924882629108, "test_prefix_token_f1": 0.415819209039548, "test_prefix_boundary_precision": 0.847926267281106, "test_prefix_boundary_recall": 0.431924882629108, "test_prefix_boundary_f1": 0.5723172628304821, "test_prefix_unique_gold_tokens": 10, "test_stem_token_precision": 0.16301369863013698, "test_stem_token_recall": 0.238, "test_stem_token_f1": 0.1934959349593496, "test_stem_boundary_precision": 0.5950704225352113, "test_stem_boundary_recall": 0.3836549375709421, "test_stem_boundary_f1": 0.4665286404416839, "test_stem_unique_gold_tokens": 99, "test_suffix_token_precision": 0.3297644539614561, "test_suffix_token_recall": 0.34606741573033706, "test_suffix_token_f1": 0.33771929824561403, "test_suffix_boundary_precision": 0.875, "test_suffix_boundary_recall": 0.34606741573033706, "test_suffix_boundary_f1": 0.4959742351046699, "test_suffix_unique_gold_tokens": 10}
{"step": 3000, "dev_accuracy": 0.7879999876022339, "test_accuracy": 0.800000011920929, "train_accuracy": 1.0, "dev_entroy": 0.21121592182060256, "test_entropy": 0.21056850546349593, "l1": "0.1", "seed": "58", "data": "500", "train.100_token_precision": 0.4457831325301205, "train.100_token_recall": 0.26618705035971224, "train.100_token_f1": 0.3333333333333333, "train.100_boundary_precision": 0.8939393939393939, "train.100_boundary_recall": 0.33146067415730335, "train.100_boundary_f1": 0.4836065573770492, "train.100_unique_predicted_tokens": 114, "train.100_unique_gold_tokens": 79, "train.100_prefix_token_precision": 0.4482758620689655, "train.100_prefix_token_recall": 0.4482758620689655, "train.100_prefix_token_f1": 0.4482758620689655, "train.100_prefix_boundary_precision": 1.0, "train.100_prefix_boundary_recall": 0.4482758620689655, "train.100_prefix_boundary_f1": 0.6190476190476191, "train.100_prefix_unique_gold_tokens": 10, "train.100_stem_token_precision": 0.1509433962264151, "train.100_stem_token_recall": 0.16, "train.100_stem_token_f1": 0.1553398058252427, "train.100_stem_boundary_precision": 0.9076923076923077, "train.100_stem_boundary_recall": 0.329608938547486, "train.100_stem_boundary_f1": 0.48360655737704916, "train.100_stem_unique_gold_tokens": 69, "train.100_suffix_token_precision": 0.20652173913043478, "train.100_suffix_token_recall": 0.2087912087912088, "train.100_suffix_token_f1": 0.20765027322404372, "train.100_suffix_boundary_precision": 0.9523809523809523, "train.100_suffix_boundary_recall": 0.21978021978021978, "train.100_suffix_boundary_f1": 0.35714285714285715, "train.100_suffix_unique_gold_tokens": 10, "dev_token_precision": 0.570298769771529, "dev_token_recall": 0.467916366258111, "dev_token_f1": 0.5140594059405941, "dev_boundary_precision": 0.7758620689655172, "dev_boundary_recall": 0.5580608793686584, "dev_boundary_f1": 0.6491803278688525, "dev_unique_predicted_tokens": 309, "dev_unique_gold_tokens": 104, "dev_prefix_token_precision": 0.6544622425629291, "dev_prefix_token_recall": 0.6682242990654206, "dev_prefix_token_f1": 0.661271676300578, "dev_prefix_boundary_precision": 0.9694915254237289, "dev_prefix_boundary_recall": 0.6682242990654206, "dev_prefix_boundary_f1": 0.7911479944674966, "dev_prefix_unique_gold_tokens": 10, "dev_stem_token_precision": 0.3015075376884422, "dev_stem_token_recall": 0.36, "dev_stem_token_f1": 0.3281677301731996, "dev_stem_boundary_precision": 0.8361486486486487, "dev_stem_boundary_recall": 0.554932735426009, "dev_stem_boundary_f1": 0.6671159029649596, "dev_stem_unique_gold_tokens": 98, "dev_suffix_token_precision": 0.3689516129032258, "dev_suffix_token_recall": 0.39869281045751637, "dev_suffix_token_f1": 0.38324607329842936, "dev_suffix_boundary_precision": 0.8495934959349594, "dev_suffix_boundary_recall": 0.4553376906318083, "dev_suffix_boundary_f1": 0.5929078014184398, "dev_suffix_unique_gold_tokens": 10, "test_token_precision": 0.5643478260869565, "test_token_recall": 0.4733770970094821, "test_token_f1": 0.5148750495834985, "test_boundary_precision": 0.7476923076923077, "test_boundary_recall": 0.5579793340987371, "test_boundary_f1": 0.6390532544378698, "test_unique_predicted_tokens": 300, "test_unique_gold_tokens": 106, "test_prefix_token_precision": 0.625866050808314, "test_prefix_token_recall": 0.636150234741784, "test_prefix_token_f1": 0.6309662398137369, "test_prefix_boundary_precision": 0.9748201438848921, "test_prefix_boundary_recall": 0.636150234741784, "test_prefix_boundary_f1": 0.7698863636363635, "test_prefix_unique_gold_tokens": 10, "test_stem_token_precision": 0.3158756137479542, "test_stem_token_recall": 0.386, "test_stem_token_f1": 0.34743474347434744, "test_stem_boundary_precision": 0.8140703517587939, "test_stem_boundary_recall": 0.5516458569807038, "test_stem_boundary_f1": 0.6576454668470907, "test_stem_unique_gold_tokens": 99, "test_suffix_token_precision": 0.37678207739307534,