{"step": 3000, "dev_accuracy": 0.5960000157356262, "test_accuracy": 0.5893333554267883, "l1": "0.1", "seed": "44", "data": "100", "token_precision": 0.3942161339421613, "token_recall": 0.37782640408460977, "token_f1": 0.3858472998137803, "boundary_precision": 0.504914004914005, "boundary_recall": 0.4718714121699196, "boundary_f1": 0.4878338278931751}
{"step": 3000, "dev_accuracy": 0.7753333449363708, "test_accuracy": 0.797333300113678, "l1": "0.01", "seed": "44", "data": "500", "token_precision": 0.5323294951284322, "token_recall": 0.43836615609044494, "token_f1": 0.48079999999999995, "boundary_precision": 0.6931637519872814, "boundary_recall": 0.5005740528128588, "boundary_f1": 0.5813333333333334}
{"step": 3000, "dev_accuracy": 0.9319999814033508, "test_accuracy": 0.9213333129882812, "l1": "0.1", "seed": "42", "data": "small", "token_precision": 0.75, "token_recall": 0.6301969365426696, "token_f1": 0.6848989298454221, "boundary_precision": 0.9263803680981595, "boundary_recall": 0.6934557979334098, "boundary_f1": 0.7931713722915299}
{"step": 3000, "dev_accuracy": 0.9933333396911621, "test_accuracy": 0.9866666793823242, "l1": "0.01", "seed": "42", "data": "full", "token_precision": 0.7309417040358744, "token_recall": 0.5944566010211525, "token_f1": 0.6556717618664522, "boundary_precision": 0.9495934959349593, "boundary_recall": 0.6704936854190585, "boundary_f1": 0.7860026917900403}
