{"step": 3000, "dev_accuracy": 0.5953333377838135, "test_accuracy": 0.6133333444595337, "train_accuracy": 1.0, "l1": "1.0", "seed": "56", "dev_entroy": 0.21288844903093587, "test_entropy": 0.21416157312689116, "data": "100", "train_token_precision": 0.4046920821114369, "train_token_recall": 0.32242990654205606, "train_token_f1": 0.3589076723016905, "train_boundary_precision": 0.5540484997944924, "train_boundary_recall": 0.3782267115600449, "train_boundary_f1": 0.4495581123895281, "dev_token_precision": 0.37050359712230213, "dev_token_recall": 0.29704397981254504, "dev_token_f1": 0.32973189275710285, "dev_boundary_precision": 0.5163398692810458, "dev_boundary_recall": 0.35625704622322435, "dev_boundary_f1": 0.42161440960640434, "test_token_precision": 0.40694568121104185, "test_token_recall": 0.3333333333333333, "test_token_f1": 0.36647955092221335, "test_boundary_precision": 0.5425361155698234, "test_boundary_recall": 0.3880597014925373, "test_boundary_f1": 0.4524765729585007}
{"step": 3000, "dev_accuracy": 0.7879999876022339, "test_accuracy": 0.800000011920929, "train_accuracy": 1.0, "l1": "0.1", "seed": "58", "dev_entroy": 0.21121592182060256, "test_entropy": 0.21056850546349593, "data": "500", "train_token_precision": 0.5625433526011561, "train_token_recall": 0.43727534148094893, "train_token_f1": 0.49206188694509045, "train_boundary_precision": 0.7926881720430108, "train_boundary_recall": 0.5171156004489338, "train_boundary_f1": 0.6259127186279504, "dev_token_precision": 0.570298769771529, "dev_token_recall": 0.467916366258111, "dev_token_f1": 0.5140594059405941, "dev_boundary_precision": 0.7758620689655172, "dev_boundary_recall": 0.5580608793686584, "dev_boundary_f1": 0.6491803278688525, "test_token_precision": 0.5643478260869565, "test_token_recall": 0.4733770970094821, "test_token_f1": 0.5148750495834985, "test_boundary_precision": 0.7476923076923077, "test_boundary_recall": 0.5579793340987371, "test_boundary_f1": 0.6390532544378698}
{"step": 3000, "dev_accuracy": 0.937999963760376, "test_accuracy": 0.9266666769981384, "train_accuracy": 0.9900000095367432, "l1": "0.1", "seed": "44", "dev_entroy": 0.1876844160745636, "test_entropy": 0.18711284991488897, "data": "small", "train_token_precision": 0.7629087779690189, "train_token_recall": 0.6373112868439971, "train_token_f1": 0.6944770857814336, "train_boundary_precision": 0.9422205438066465, "train_boundary_recall": 0.7000561167227833, "train_boundary_f1": 0.8032839665164199, "dev_token_precision": 0.7459505541346974, "dev_token_recall": 0.6308579668348955, "dev_token_f1": 0.68359375, "dev_boundary_precision": 0.924219910846954, "dev_boundary_recall": 0.7012401352874859, "dev_boundary_f1": 0.7974358974358975, "test_token_precision": 0.7935054121565362, "test_token_recall": 0.6951130561633844, "test_token_f1": 0.7410575427682737, "test_boundary_precision": 0.9300998573466477, "test_boundary_recall": 0.748564867967853, "test_boundary_f1": 0.8295165394402035}
{"step": 3000, "dev_accuracy": 0.9900000095367432, "test_accuracy": 0.9826666712760925, "train_accuracy": 1.0, "l1": "0.01", "seed": "54", "dev_entroy": 0.18660690523168136, "test_entropy": 0.1888824836046725, "data": "full", "train_token_precision": 0.6608757734412185, "train_token_recall": 0.49910136592379584, "train_token_f1": 0.5687077616219538, "train_boundary_precision": 0.9650317892824705, "train_boundary_recall": 0.5962401795735129, "train_boundary_f1": 0.7370794311481096, "dev_token_precision": 0.6488038277511962, "dev_token_recall": 0.48882480173035325, "dev_token_f1": 0.5575657894736842, "dev_boundary_precision": 0.9541284403669725, "dev_boundary_recall": 0.5862457722660653, "dev_boundary_f1": 0.7262569832402235, "test_token_precision": 0.6888677450047573, "test_token_recall": 0.5280816921954777, "test_token_f1": 0.5978530140379851, "test_boundary_precision": 0.969147005444646, "test_boundary_recall": 0.6130884041331802, "test_boundary_f1": 0.7510548523206751}
