{"step": 600, "dev_accuracy": 0.5680000185966492, "test_accuracy": 0.5633333325386047, "l1": "0.1", "seed": "44", "data": "100", "token_precision": 0.3245481927710843, "token_recall": 0.31436907366885486, "token_f1": 0.31937754723971845, "boundary_precision": 0.4420289855072464, "boundary_recall": 0.42020665901262916, "boundary_f1": 0.4308416715715127}
{"step": 600, "dev_accuracy": 0.8046666383743286, "test_accuracy": 0.8199999928474426, "l1": "0.1", "seed": "46", "data": "500", "token_precision": 0.7182025894897182, "token_recall": 0.687819110138585, "token_f1": 0.702682563338301, "boundary_precision": 0.8339483394833949, "boundary_recall": 0.7784156142365097, "boundary_f1": 0.8052256532066508}
{"step": 600, "dev_accuracy": 0.9193333387374878, "test_accuracy": 0.9153333306312561, "l1": "0.01", "seed": "46", "data": "small", "token_precision": 0.7301710730948678, "token_recall": 0.6849015317286652, "token_f1": 0.7068121942039896, "boundary_precision": 0.861323155216285, "boundary_recall": 0.7772675086107922, "boundary_f1": 0.8171394085697042}
{"step": 600, "dev_accuracy": 0.9413332939147949, "test_accuracy": 0.9480000138282776, "l1": "0.01", "seed": "46", "data": "full", "token_precision": 0.7596726190476191, "token_recall": 0.7447118891320205, "token_f1": 0.7521178637200737, "boundary_precision": 0.8590047393364929, "boundary_recall": 0.8323765786452354, "boundary_f1": 0.8454810495626822}
