{"step": 150, "dev_accuracy": 0.5973333120346069, "test_accuracy": 0.6013333201408386, "train_accuracy": 1.0, "dev_entroy": 0.2648928062693293, "test_entropy": 0.262915525170934, "l1": "0.01", "seed": "44", "data": "100", "train.100_token_precision": 0.16594827586206898, "train.100_token_recall": 0.27697841726618705, "train.100_token_f1": 0.20754716981132076, "train.100_boundary_precision": 0.3901098901098901, "train.100_boundary_recall": 0.797752808988764, "train.100_boundary_f1": 0.5239852398523985, "train.100_unique_predicted_tokens": 27, "train.100_unique_gold_tokens": 79, "train.100_prefix_token_precision": 0.24087591240875914, "train.100_prefix_token_recall": 0.3793103448275862, "train.100_prefix_token_f1": 0.29464285714285715, "train.100_prefix_boundary_precision": 0.6183206106870229, "train.100_prefix_boundary_recall": 0.9310344827586207, "train.100_prefix_boundary_f1": 0.743119266055046, "train.100_prefix_unique_gold_tokens": 10, "train.100_stem_token_precision": 0.04784688995215311, "train.100_stem_token_recall": 0.1, "train.100_stem_token_f1": 0.06472491909385114, "train.100_stem_boundary_precision": 0.5657370517928287, "train.100_stem_boundary_recall": 0.7932960893854749, "train.100_stem_boundary_f1": 0.6604651162790698, "train.100_stem_unique_gold_tokens": 69, "train.100_suffix_token_precision": 0.22077922077922077, "train.100_suffix_token_recall": 0.37362637362637363, "train.100_suffix_token_f1": 0.2775510204081633, "train.100_suffix_boundary_precision": 0.49193548387096775, "train.100_suffix_boundary_recall": 0.6703296703296703, "train.100_suffix_boundary_f1": 0.5674418604651162, "train.100_suffix_unique_gold_tokens": 10, "dev_token_precision": 0.16793570219966159, "dev_token_recall": 0.2862292718096611, "dev_token_f1": 0.21167688616368968, "dev_boundary_precision": 0.4034334763948498, "dev_boundary_recall": 0.8478015783540023, "dev_boundary_f1": 0.5467102871683025, "dev_unique_predicted_tokens": 30, "dev_unique_gold_tokens": 104, "dev_prefix_token_precision": 0.2586466165413534, "dev_prefix_token_recall": 0.40186915887850466, "dev_prefix_token_f1": 0.31473010064043916, "dev_prefix_boundary_precision": 0.6279434850863422, "dev_prefix_boundary_recall": 0.9345794392523364, "dev_prefix_boundary_f1": 0.7511737089201878, "dev_prefix_unique_gold_tokens": 10, "dev_stem_token_precision": 0.05128205128205128, "dev_stem_token_recall": 0.108, "dev_stem_token_f1": 0.0695428203477141, "dev_stem_boundary_precision": 0.5762452107279693, "dev_stem_boundary_recall": 0.8430493273542601, "dev_stem_boundary_f1": 0.6845698680018206, "dev_stem_unique_gold_tokens": 98, "dev_suffix_token_precision": 0.21895006402048656, "dev_suffix_token_recall": 0.37254901960784315, "dev_suffix_token_f1": 0.27580645161290324, "dev_suffix_boundary_precision": 0.5222551928783383, "dev_suffix_boundary_recall": 0.7668845315904139, "dev_suffix_boundary_f1": 0.6213592233009709, "dev_suffix_unique_gold_tokens": 10, "test_token_precision": 0.17846417846417847, "test_token_recall": 0.30342815463165573, "test_token_f1": 0.22474338195569962, "test_boundary_precision": 0.4008738394320044, "test_boundary_recall": 0.8427095292766934, "test_boundary_f1": 0.543301258327165, "test_unique_predicted_tokens": 29, "test_unique_gold_tokens": 106, "test_prefix_token_precision": 0.29107981220657275, "test_prefix_token_recall": 0.43661971830985913, "test_prefix_token_f1": 0.3492957746478873, "test_prefix_boundary_precision": 0.6479338842975206, "test_prefix_boundary_recall": 0.92018779342723, "test_prefix_boundary_f1": 0.7604267701260912, "test_prefix_unique_gold_tokens": 10, "test_stem_token_precision": 0.056074766355140186, "test_stem_token_recall": 0.12, "test_stem_token_f1": 0.07643312101910828, "test_stem_boundary_precision": 0.5628834355828221, "test_stem_boundary_recall": 0.8331441543700341, "test_stem_boundary_f1": 0.6718535469107552, "test_stem_unique_gold_tokens": 99, "test_suffix_token_precision": 0.22397891963109354, "test_suffix_token_recall": 0.38202247191011235, "test_suffix_token_f1": 0.28239202657807305, "test_suffix_boundary_precision": 0.5213414634146342, "test_suffix_boundary_recall": 0.7685393258426966, "test_suffix_boundary_f1": 0.6212534059945504, "test_suffix_unique_gold_tokens": 10}
{"step": 300, "dev_accuracy": 0.8446666598320007, "test_accuracy": 0.8619999885559082, "train_accuracy": 1.0, "dev_entroy": 0.28595363270511565, "test_entropy": 0.28299693949772153, "l1": "0.1", "seed": "46", "data": "500", "train.100_token_precision": 0.402088772845953, "train.100_token_recall": 0.5539568345323741, "train.100_token_f1": 0.4659606656580938, "train.100_boundary_precision": 0.5653710247349824, "train.100_boundary_recall": 0.898876404494382, "train.100_boundary_f1": 0.6941431670281996, "train.100_unique_predicted_tokens": 41, "train.100_unique_gold_tokens": 79, "train.100_prefix_token_precision": 0.6226415094339622, "train.100_prefix_token_recall": 0.7586206896551724, "train.100_prefix_token_f1": 0.6839378238341969, "train.100_prefix_boundary_precision": 0.81, "train.100_prefix_boundary_recall": 0.9310344827586207, "train.100_prefix_boundary_f1": 0.8663101604278076, "train.100_prefix_unique_gold_tokens": 10, "train.100_stem_token_precision": 0.23030303030303031, "train.100_stem_token_recall": 0.38, "train.100_stem_token_f1": 0.28679245283018867, "train.100_stem_boundary_precision": 0.7111111111111111, "train.100_stem_boundary_recall": 0.8938547486033519, "train.100_stem_boundary_f1": 0.792079207920792, "train.100_stem_unique_gold_tokens": 69, "train.100_suffix_token_precision": 0.38461538461538464, "train.100_suffix_token_recall": 0.5494505494505495, "train.100_suffix_token_f1": 0.4524886877828055, "train.100_suffix_boundary_precision": 0.6694915254237288, "train.100_suffix_boundary_recall": 0.8681318681318682, "train.100_suffix_boundary_f1": 0.7559808612440192, "train.100_suffix_unique_gold_tokens": 10, "dev_token_precision": 0.43346007604562736, "dev_token_recall": 0.5753424657534246, "dev_token_f1": 0.49442379182156126, "dev_boundary_precision": 0.5734526472781506, "dev_boundary_recall": 0.8669673055242391, "dev_boundary_f1": 0.6903052064631956, "dev_unique_predicted_tokens": 50, "dev_unique_gold_tokens": 104, "dev_prefix_token_precision": 0.716024340770791, "dev_prefix_token_recall": 0.8247663551401869, "dev_prefix_token_f1": 0.766558089033659, "dev_prefix_boundary_precision": 0.8602150537634409, "dev_prefix_boundary_recall": 0.9345794392523364, "dev_prefix_boundary_f1": 0.8958566629339305, "dev_prefix_unique_gold_tokens": 10, "dev_stem_token_precision": 0.21505376344086022, "dev_stem_token_recall": 0.36, "dev_stem_token_f1": 0.26925953627524307, "dev_stem_boundary_precision": 0.6952983725135624, "dev_stem_boundary_recall": 0.8621076233183856, "dev_stem_boundary_f1": 0.7697697697697697, "dev_stem_unique_gold_tokens": 98, "dev_suffix_token_precision": 0.42130365659777425, "dev_suffix_token_recall": 0.5773420479302832, "dev_suffix_token_f1": 0.48713235294117646, "dev_suffix_boundary_precision": 0.6846011131725418, "dev_suffix_boundary_recall": 0.803921568627451, "dev_suffix_boundary_f1": 0.7394789579158317, "dev_suffix_unique_gold_tokens": 10, "test_token_precision": 0.43369565217391304, "test_token_recall": 0.5820568927789934, "test_token_f1": 0.49704142011834324, "test_boundary_precision": 0.5761194029850746, "test_boundary_recall": 0.886337543053961, "test_boundary_f1": 0.6983265490728178, "test_unique_predicted_tokens": 50, "test_unique_gold_tokens": 106, "test_prefix_token_precision": 0.7672955974842768, "test_prefix_token_recall": 0.8591549295774648, "test_prefix_token_f1": 0.8106312292358804, "test_prefix_boundary_precision": 0.8881578947368421, "test_prefix_boundary_recall": 0.9507042253521126, "test_prefix_boundary_f1": 0.9183673469387754, "test_prefix_unique_gold_tokens": 10, "test_stem_token_precision": 0.2278177458033573, "test_stem_token_recall": 0.38, "test_stem_token_f1": 0.28485757121439276, "test_stem_boundary_precision": 0.6980108499095841,