{"step": 600, "dev_accuracy": 0.5659999847412109, "test_accuracy": 0.5893333554267883, "train_accuracy": 1.0, "dev_entroy": 0.00425266393575325, "test_entropy": 0.004300444718438549, "l1": "0.01", "seed": "42", "data": "100", "train.100_token_precision": 0.1834319526627219, "train.100_token_recall": 0.3345323741007194, "train.100_token_f1": 0.23694267515923567, "train.100_boundary_precision": 0.40540540540540543, "train.100_boundary_recall": 0.9269662921348315, "train.100_boundary_f1": 0.5641025641025642, "train.100_unique_predicted_tokens": 15, "train.100_unique_gold_tokens": 79, "train.100_prefix_token_precision": 0.30656934306569344, "train.100_prefix_token_recall": 0.4827586206896552, "train.100_prefix_token_f1": 0.375, "train.100_prefix_boundary_precision": 0.635036496350365, "train.100_prefix_boundary_recall": 1.0, "train.100_prefix_boundary_f1": 0.7767857142857143, "train.100_prefix_unique_gold_tokens": 10, "train.100_stem_token_precision": 0.044642857142857144, "train.100_stem_token_recall": 0.1, "train.100_stem_token_f1": 0.0617283950617284, "train.100_stem_boundary_precision": 0.5709342560553633, "train.100_stem_boundary_recall": 0.9217877094972067, "train.100_stem_boundary_f1": 0.7051282051282051, "train.100_stem_unique_gold_tokens": 69, "train.100_suffix_token_precision": 0.2578616352201258, "train.100_suffix_token_recall": 0.45054945054945056, "train.100_suffix_token_f1": 0.328, "train.100_suffix_boundary_precision": 0.5342465753424658, "train.100_suffix_boundary_recall": 0.8571428571428571, "train.100_suffix_boundary_f1": 0.6582278481012658, "train.100_suffix_unique_gold_tokens": 10, "dev_token_precision": 0.1725057121096725, "dev_token_recall": 0.32660418168709443, "dev_token_f1": 0.2257662596561176, "dev_boundary_precision": 0.3932267168391345, "dev_boundary_recall": 0.9425028184892897, "dev_boundary_f1": 0.5549286425489546, "dev_unique_predicted_tokens": 15, "dev_unique_gold_tokens": 104, "dev_prefix_token_precision": 0.3492537313432836, "dev_prefix_token_recall": 0.5467289719626168, "dev_prefix_token_f1": 0.4262295081967213, "dev_prefix_boundary_precision": 0.6382660687593423, "dev_prefix_boundary_recall": 0.9976635514018691, "dev_prefix_boundary_f1": 0.7784867821330903, "dev_prefix_unique_gold_tokens": 10, "dev_stem_token_precision": 0.04582210242587601, "dev_stem_token_recall": 0.102, "dev_stem_token_f1": 0.06323620582765034, "dev_stem_boundary_precision": 0.5769496204278813, "dev_stem_boundary_recall": 0.9372197309417041, "dev_stem_boundary_f1": 0.7142246903032893, "dev_stem_unique_gold_tokens": 98, "dev_suffix_token_precision": 0.18791946308724833, "dev_suffix_token_recall": 0.3660130718954248, "dev_suffix_token_f1": 0.24833702882483372, "dev_suffix_boundary_precision": 0.48459715639810425, "dev_suffix_boundary_recall": 0.8910675381263616, "dev_suffix_boundary_f1": 0.6277820414428241, "dev_suffix_unique_gold_tokens": 10, "test_token_precision": 0.18816150529204234, "test_token_recall": 0.350109409190372, "test_token_f1": 0.24477307496175427, "test_boundary_precision": 0.39785470502194054, "test_boundary_recall": 0.9368541905855339, "test_boundary_f1": 0.5585215605749487, "test_unique_predicted_tokens": 15, "test_unique_gold_tokens": 106, "test_prefix_token_precision": 0.3996865203761755, "test_prefix_token_recall": 0.5985915492957746, "test_prefix_token_f1": 0.47932330827067665, "test_prefix_boundary_precision": 0.6671899529042387, "test_prefix_boundary_recall": 0.9976525821596244, "test_prefix_boundary_f1": 0.7996237064910631, "test_prefix_unique_gold_tokens": 10, "test_stem_token_precision": 0.05173951828724353, "test_stem_token_recall": 0.116, "test_stem_token_f1": 0.0715607649599013, "test_stem_boundary_precision": 0.5678496868475992, "test_stem_boundary_recall": 0.9262202043132803, "test_stem_boundary_f1": 0.7040552200172563, "test_stem_unique_gold_tokens": 99, "test_suffix_token_precision": 0.19716646989374262, "test_suffix_token_recall": 0.3752808988764045, "test_suffix_token_f1": 0.2585139318885448, "test_suffix_boundary_precision": 0.4930643127364439, "test_suffix_boundary_recall": 0.8786516853932584, "test_suffix_boundary_f1": 0.6316639741518578, "test_suffix_unique_gold_tokens": 10}
{"step": 600, "dev_accuracy": 0.8059999942779541, "test_accuracy": 0.8153333067893982, "train_accuracy": 1.0, "dev_entroy": 0.00021117600908846152, "test_entropy": 0.00021977637963325515, "l1": "0.01", "seed": "42", "data": "500", "train.100_token_precision": 0.10815602836879433, "train.100_token_recall": 0.21942446043165467, "train.100_token_f1": 0.14489311163895488, "train.100_boundary_precision": 0.38362068965517243, "train.100_boundary_recall": 1.0, "train.100_boundary_f1": 0.5545171339563864, "train.100_unique_predicted_tokens": 8, "train.100_unique_gold_tokens": 79, "train.100_prefix_token_precision": 0.11875, "train.100_prefix_token_recall": 0.21839080459770116, "train.100_prefix_token_f1": 0.15384615384615385, "train.100_prefix_boundary_precision": 0.54375, "train.100_prefix_boundary_recall": 1.0, "train.100_prefix_boundary_f1": 0.7044534412955465, "train.100_prefix_unique_gold_tokens": 10, "train.100_stem_token_precision": 0.03418803418803419, "train.100_stem_token_recall": 0.08, "train.100_stem_token_f1": 0.04790419161676647, "train.100_stem_boundary_precision": 0.5705128205128205, "train.100_stem_boundary_recall": 0.994413407821229, "train.100_stem_boundary_f1": 0.725050916496945, "train.100_stem_unique_gold_tokens": 69, "train.100_suffix_token_precision": 0.2, "train.100_suffix_token_recall": 0.37362637362637363, "train.100_suffix_token_f1": 0.260536398467433, "train.100_suffix_boundary_precision": 0.5352941176470588, "train.100_suffix_boundary_recall": 1.0, "train.100_suffix_boundary_f1": 0.6973180076628352, "train.100_suffix_unique_gold_tokens": 10, "dev_token_precision": 0.08061224489795918, "dev_token_recall": 0.17087238644556596, "dev_token_f1": 0.1095447192049919, "dev_boundary_precision": 0.3635245901639344, "dev_boundary_recall": 1.0, "dev_boundary_f1": 0.5332131048993087, "dev_unique_predicted_tokens": 8, "dev_unique_gold_tokens": 104, "dev_prefix_token_precision": 0.08523409363745499, "dev_prefix_token_recall": 0.1658878504672897, "dev_prefix_token_f1": 0.11260904044409199, "dev_prefix_boundary_precision": 0.5138055222088835, "dev_prefix_boundary_recall": 1.0, "dev_prefix_boundary_f1": 0.6788263283108644, "dev_prefix_unique_gold_tokens": 10, "dev_stem_token_precision": 0.02385008517887564, "dev_stem_token_recall": 0.056, "dev_stem_token_f1": 0.03345280764635603, "dev_stem_boundary_precision": 0.5682254964766176, "dev_stem_boundary_recall": 0.9943946188340808, "dev_stem_boundary_f1": 0.723196086424786, "dev_stem_unique_gold_tokens": 98, "dev_suffix_token_precision": 0.14790996784565916, "dev_suffix_token_recall": 0.3006535947712418, "dev_suffix_token_f1": 0.1982758620689655, "dev_suffix_boundary_precision": 0.4919614147909968, "dev_suffix_boundary_recall": 1.0, "dev_suffix_boundary_f1": 0.6594827586206897, "dev_suffix_unique_gold_tokens": 10, "test_token_precision": 0.08290333677330582, "test_token_recall": 0.17578409919766594, "test_token_f1": 0.11266947171575502, "test_boundary_precision": 0.36186123805567094, "test_boundary_recall": 1.0, "test_boundary_f1": 0.5314215985356925, "test_unique_predicted_tokens": 8, "test_unique_gold_tokens": 106, "test_prefix_token_precision": 0.09436274509803921, "test_prefix_token_recall": 0.1807511737089202, "test_prefix_token_f1": 0.12399355877616748, "test_prefix_boundary_precision": 0.5220588235294118, "test_prefix_boundary_recall": 1.0, "test_prefix_boundary_f1": 0.6859903381642513, "test_prefix_unique_gold_tokens": 10, "test_stem_token_precision": 0.026733500417710943, "test_stem_token_recall": 0.064, "test_stem_token_f1": 0.03771361225692398, "test_stem_boundary_precision": 0.5554846938775511, "test_stem_boundary_recall": 0.9886492622020431, "test_stem_boundary_f1": 0.7113107390771743, "test_stem_unique_gold_tokens": 99, "test_suffix_token_precision": 0.1476510067114094,