{"step": 600, "dev_accuracy": 0.5786666870117188, "test_accuracy": 0.5839999914169312, "l1": "0.1", "seed": "42", "data": "100", "token_precision": 0.08290333677330582, "token_recall": 0.17578409919766594, "token_f1": 0.11266947171575502, "boundary_precision": 0.36186123805567094, "boundary_recall": 1.0, "boundary_f1": 0.5314215985356925}
{"step": 600, "dev_accuracy": 0.8273333311080933, "test_accuracy": 0.8420000076293945, "l1": "0.01", "seed": "44", "data": "500", "token_precision": 0.5574572127139364, "token_recall": 0.6652078774617067, "token_f1": 0.6065846358496841, "boundary_precision": 0.6584507042253521, "boundary_recall": 0.8587830080367393, "boundary_f1": 0.7453911310413552}
{"step": 600, "dev_accuracy": 0.9653333425521851, "test_accuracy": 0.9733332991600037, "l1": "0.1", "seed": "44", "data": "small", "token_precision": 0.8155680224403927, "token_recall": 0.8482859226841721, "token_f1": 0.8316052913836253, "boundary_precision": 0.8563714902807775, "boundary_recall": 0.9104477611940298, "boundary_f1": 0.8825820812465219}
{"step": 600, "dev_accuracy": 0.9953333139419556, "test_accuracy": 0.9959999918937683, "l1": "0.1", "seed": "44", "data": "full", "token_precision": 0.8602305475504323, "token_recall": 0.8708971553610503, "token_f1": 0.8655309894889452, "boundary_precision": 0.8941441441441441, "boundary_recall": 0.9115958668197475, "boundary_f1": 0.9027856736782262}
