{"step": 510, "dev_accuracy": 0.9806666374206543, "test_accuracy": 0.9779999852180481, "train_accuracy": 1.0, "dev_entroy": 0.36342856960738223, "test_entropy": 0.3609258459857008, "seed": "42", "mixture": "0.9875", "dev_boundary_precision": 0.9609967497291441, "dev_boundary_recall": 1.0, "dev_boundary_f1": 0.980110497237569}
{"step": 690, "dev_accuracy": 0.9713333249092102, "test_accuracy": 0.9713333249092102, "train_accuracy": 1.0, "dev_entroy": 0.3634285696073822, "test_entropy": 0.3609258459857009, "seed": "42", "mixture": "0.975", "dev_boundary_precision": 0.929769392033543, "dev_boundary_recall": 1.0, "dev_boundary_f1": 0.9636067354698533}
{"step": 690, "dev_accuracy": 0.9526666402816772, "test_accuracy": 0.9580000042915344, "train_accuracy": 1.0, "dev_entroy": 0.3634285696073822, "test_entropy": 0.3609258459857009, "seed": "42", "mixture": "0.95", "dev_boundary_precision": 0.8687561214495593, "dev_boundary_recall": 1.0, "dev_boundary_f1": 0.929769392033543}
{"step": 660, "dev_accuracy": 0.9353333115577698, "test_accuracy": 0.937999963760376, "train_accuracy": 1.0, "dev_entroy": 0.3634285696073823, "test_entropy": 0.3609258459857009, "seed": "42", "mixture": "0.9", "dev_boundary_precision": 0.7699652777777778, "dev_boundary_recall": 1.0, "dev_boundary_f1": 0.8700343305541933}
{"step": 360, "dev_accuracy": 0.9020000100135803, "test_accuracy": 0.9013333320617676, "train_accuracy": 1.0, "dev_entroy": 0.36342856960738223, "test_entropy": 0.36092584598570093, "seed": "42", "mixture": "0.8", "dev_boundary_precision": 0.6268551236749117, "dev_boundary_recall": 1.0, "dev_boundary_f1": 0.7706342311033885}
{"step": 1110, "dev_accuracy": 0.8433333039283752, "test_accuracy": 0.8473333120346069, "train_accuracy": 1.0, "dev_entroy": 0.36342856960738223, "test_entropy": 0.3609258459857009, "seed": "42", "mixture": "0.6", "dev_boundary_precision": 0.4401985111662531, "dev_boundary_recall": 1.0, "dev_boundary_f1": 0.611302549965541}
{"step": 780, "dev_accuracy": 0.7906666398048401, "test_accuracy": 0.7879999876022339, "train_accuracy": 1.0, "dev_entroy": 0.36342856960738223, "test_entropy": 0.3609258459857009, "seed": "42", "mixture": "0.4", "dev_boundary_precision": 0.33534971644612477, "dev_boundary_recall": 1.0, "dev_boundary_f1": 0.5022650056625142}
{"step": 690, "dev_accuracy": 0.7873333096504211, "test_accuracy": 0.777999997138977, "train_accuracy": 1.0, "dev_entroy": 0.3634285696073822, "test_entropy": 0.3609258459857009, "seed": "42", "mixture": "0.2", "dev_boundary_precision": 0.27401915353722583, "dev_boundary_recall": 1.0, "dev_boundary_f1": 0.430164888457808}
