{"step": 510, "dev_accuracy": 0.9806666374206543, "test_accuracy": 0.9779999852180481, "train_accuracy": 1.0, "dev_entroy": 0.36342856960738223, "test_entropy": 0.3609258459857008, "seed": "42", "mixture": "0.9875", "test_boundary_precision": 0.960308710033076, "test_boundary_recall": 1.0, "test_boundary_f1": 0.9797525309336332}
{"step": 690, "dev_accuracy": 0.9713333249092102, "test_accuracy": 0.9713333249092102, "train_accuracy": 1.0, "dev_entroy": 0.3634285696073822, "test_entropy": 0.3609258459857009, "seed": "42", "mixture": "0.975", "test_boundary_precision": 0.9256110520722636, "test_boundary_recall": 1.0, "test_boundary_f1": 0.9613686534216336}
{"step": 690, "dev_accuracy": 0.9526666402816772, "test_accuracy": 0.9580000042915344, "train_accuracy": 1.0, "dev_entroy": 0.3634285696073822, "test_entropy": 0.3609258459857009, "seed": "42", "mixture": "0.95", "test_boundary_precision": 0.8649453823237339, "test_boundary_recall": 1.0, "test_boundary_f1": 0.9275825346112886}
{"step": 660, "dev_accuracy": 0.9353333115577698, "test_accuracy": 0.937999963760376, "train_accuracy": 1.0, "dev_entroy": 0.3634285696073823, "test_entropy": 0.3609258459857009, "seed": "42", "mixture": "0.9", "test_boundary_precision": 0.7653778558875219, "test_boundary_recall": 1.0, "test_boundary_f1": 0.8670980587356893}
{"step": 360, "dev_accuracy": 0.9020000100135803, "test_accuracy": 0.9013333320617676, "train_accuracy": 1.0, "dev_entroy": 0.36342856960738223, "test_entropy": 0.36092584598570093, "seed": "42", "mixture": "0.8", "test_boundary_precision": 0.6225875625446747, "test_boundary_recall": 1.0, "test_boundary_f1": 0.7674008810572688}
{"step": 1110, "dev_accuracy": 0.8433333039283752, "test_accuracy": 0.8473333120346069, "train_accuracy": 1.0, "dev_entroy": 0.36342856960738223, "test_entropy": 0.3609258459857009, "seed": "42", "mixture": "0.6", "test_boundary_precision": 0.4348477284073889, "test_boundary_recall": 1.0, "test_boundary_f1": 0.6061238691718859}
{"step": 780, "dev_accuracy": 0.7906666398048401, "test_accuracy": 0.7879999876022339, "train_accuracy": 1.0, "dev_entroy": 0.36342856960738223, "test_entropy": 0.3609258459857009, "seed": "42", "mixture": "0.4", "test_boundary_precision": 0.3311787072243346, "test_boundary_recall": 1.0, "test_boundary_f1": 0.4975721222507855}
{"step": 690, "dev_accuracy": 0.7873333096504211, "test_accuracy": 0.777999997138977, "train_accuracy": 1.0, "dev_entroy": 0.3634285696073822, "test_entropy": 0.3609258459857009, "seed": "42", "mixture": "0.2", "test_boundary_precision": 0.2674240098249923, "test_boundary_recall": 1.0, "test_boundary_f1": 0.4219961240310078}
