{"step": 0, "dev_accuracy": 0.4386666715145111, "test_accuracy": 0.4580000042915344, "train_accuracy": 0.79666668176651, "dev_entroy": 0.05688527560716714, "test_entropy": 0.0577166266892909, "l1": "0.1", "seed": "46", "data": "100"}
{"step": 90, "dev_accuracy": 0.6499999761581421, "test_accuracy": 0.6539999842643738, "train_accuracy": 0.996666669845581, "dev_entroy": 0.1313730120139235, "test_entropy": 0.13301109889893523, "l1": "0.01", "seed": "48", "data": "500"}
{"step": 270, "dev_accuracy": 0.8553333282470703, "test_accuracy": 0.8320000171661377, "train_accuracy": 0.996666669845581, "dev_entroy": 0.01579429982270058, "test_entropy": 0.01582167046887292, "l1": "0.01", "seed": "48", "data": "small"}
{"step": 210, "dev_accuracy": 0.9480000138282776, "test_accuracy": 0.934666633605957, "train_accuracy": 0.9666666984558105, "dev_entroy": 0.006829681118615196, "test_entropy": 0.007232775653266325, "l1": "0.1", "seed": "50", "data": "full"}
