{"step": 3000, "dev_accuracy": 0.4933333396911621, "test_accuracy": 0.5139999985694885, "train_accuracy": 1.0, "dev_entroy": 0.04645984604218214, "test_entropy": 0.043594667678728286, "l1": "0.01", "seed": "42", "data": "100", "train.100_token_precision": 0.1527777777777778, "train.100_token_recall": 0.07913669064748201, "train.100_token_f1": 0.10426540284360189, "train.100_boundary_precision": 0.45454545454545453, "train.100_boundary_recall": 0.11235955056179775, "train.100_boundary_f1": 0.18018018018018017, "train.100_unique_predicted_tokens": 122, "train.100_unique_gold_tokens": 79, "train.100_prefix_token_precision": 0.10344827586206896, "train.100_prefix_token_recall": 0.10344827586206896, "train.100_prefix_token_f1": 0.10344827586206896, "train.100_prefix_boundary_precision": 1.0, "train.100_prefix_boundary_recall": 0.10344827586206896, "train.100_prefix_boundary_f1": 0.1875, "train.100_prefix_unique_gold_tokens": 10, "train.100_stem_token_precision": 0.016666666666666666, "train.100_stem_token_recall": 0.02, "train.100_stem_token_f1": 0.01818181818181818, "train.100_stem_boundary_precision": 0.5, "train.100_stem_boundary_recall": 0.11173184357541899, "train.100_stem_boundary_f1": 0.182648401826484, "train.100_stem_unique_gold_tokens": 69, "train.100_suffix_token_precision": 0.11578947368421053, "train.100_suffix_token_recall": 0.12087912087912088, "train.100_suffix_token_f1": 0.11827956989247312, "train.100_suffix_boundary_precision": 0.7333333333333333, "train.100_suffix_boundary_recall": 0.12087912087912088, "train.100_suffix_boundary_f1": 0.20754716981132074, "train.100_suffix_unique_gold_tokens": 10, "dev_token_precision": 0.36142484795829716, "dev_token_recall": 0.2999279019466474, "dev_token_f1": 0.3278171788810087, "dev_boundary_precision": 0.4731182795698925, "dev_boundary_recall": 0.34723788049605414, "dev_boundary_f1": 0.4005201560468141, "dev_unique_predicted_tokens": 259, "dev_unique_gold_tokens": 104, "dev_prefix_token_precision": 0.3347457627118644, "dev_prefix_token_recall": 0.3691588785046729, "dev_prefix_token_f1": 0.3511111111111111, "dev_prefix_boundary_precision": 0.7821782178217822, "dev_prefix_boundary_recall": 0.3691588785046729, "dev_prefix_boundary_f1": 0.5015873015873016, "dev_prefix_unique_gold_tokens": 10, "dev_stem_token_precision": 0.14154652686762778, "dev_stem_token_recall": 0.216, "dev_stem_token_f1": 0.171021377672209, "dev_stem_boundary_precision": 0.5394045534150613, "dev_stem_boundary_recall": 0.3452914798206278, "dev_stem_boundary_f1": 0.42105263157894735, "dev_stem_unique_gold_tokens": 98, "dev_suffix_token_precision": 0.30303030303030304, "dev_suffix_token_recall": 0.32679738562091504, "dev_suffix_token_f1": 0.31446540880503143, "dev_suffix_boundary_precision": 0.8064516129032258, "dev_suffix_boundary_recall": 0.32679738562091504, "dev_suffix_boundary_f1": 0.46511627906976744, "dev_suffix_unique_gold_tokens": 10, "test_token_precision": 0.32578397212543553, "test_token_recall": 0.2727935813274982, "test_token_f1": 0.296943231441048, "test_boundary_precision": 0.4305555555555556, "test_boundary_recall": 0.3203214695752009, "test_boundary_f1": 0.36734693877551017, "test_unique_predicted_tokens": 257, "test_unique_gold_tokens": 106, "test_prefix_token_precision": 0.303347280334728, "test_prefix_token_recall": 0.3403755868544601, "test_prefix_token_f1": 0.32079646017699115, "test_prefix_boundary_precision": 0.7360406091370558, "test_prefix_boundary_recall": 0.3403755868544601, "test_prefix_boundary_f1": 0.4654895666131622, "test_prefix_unique_gold_tokens": 10, "test_stem_token_precision": 0.1211734693877551, "test_stem_token_recall": 0.19, "test_stem_token_f1": 0.14797507788161993, "test_stem_boundary_precision": 0.4955595026642984, "test_stem_boundary_recall": 0.3166855845629966, "test_stem_boundary_f1": 0.3864265927977839, "test_stem_unique_gold_tokens": 99, "test_suffix_token_precision": 0.2803347280334728, "test_suffix_token_recall": 0.30112359550561796, "test_suffix_token_f1": 0.2903575297941495, "test_suffix_boundary_precision": 0.8023952095808383, "test_suffix_boundary_recall": 0.30112359550561796, "test_suffix_boundary_f1": 0.4379084967320261, "test_suffix_unique_gold_tokens": 10}
{"step": 3000, "dev_accuracy": 0.6966666579246521, "test_accuracy": 0.7006666660308838, "train_accuracy": 1.0, "dev_entroy": 0.03512771589448048, "test_entropy": 0.036314161088935835, "l1": "0.01", "seed": "42", "data": "500", "train.100_token_precision": 0.2413793103448276, "train.100_token_recall": 0.12589928057553956, "train.100_token_f1": 0.16548463356973994, "train.100_boundary_precision": 0.6888888888888889, "train.100_boundary_recall": 0.17415730337078653, "train.100_boundary_f1": 0.27802690582959644, "train.100_unique_predicted_tokens": 116, "train.100_unique_gold_tokens": 79, "train.100_prefix_token_precision": 0.21839080459770116, "train.100_prefix_token_recall": 0.21839080459770116, "train.100_prefix_token_f1": 0.21839080459770116, "train.100_prefix_boundary_precision": 1.0, "train.100_prefix_boundary_recall": 0.21839080459770116, "train.100_prefix_boundary_f1": 0.3584905660377358, "train.100_prefix_unique_gold_tokens": 10, "train.100_stem_token_precision": 0.036036036036036036, "train.100_stem_token_recall": 0.04, "train.100_stem_token_f1": 0.037914691943127965, "train.100_stem_boundary_precision": 0.7380952380952381, "train.100_stem_boundary_recall": 0.17318435754189945, "train.100_stem_boundary_f1": 0.28054298642533937, "train.100_stem_unique_gold_tokens": 69, "train.100_suffix_token_precision": 0.1276595744680851, "train.100_suffix_token_recall": 0.13186813186813187, "train.100_suffix_token_f1": 0.1297297297297297, "train.100_suffix_boundary_precision": 0.8, "train.100_suffix_boundary_recall": 0.13186813186813187, "train.100_suffix_boundary_f1": 0.22641509433962267, "train.100_suffix_unique_gold_tokens": 10, "dev_token_precision": 0.3683673469387755, "dev_token_recall": 0.2602739726027397, "dev_token_f1": 0.305027460920997, "dev_boundary_precision": 0.5979166666666667, "dev_boundary_recall": 0.32356257046223225, "dev_boundary_f1": 0.4198975859546452, "dev_unique_predicted_tokens": 397, "dev_unique_gold_tokens": 104, "dev_prefix_token_precision": 0.34174311926605505, "dev_prefix_token_recall": 0.34813084112149534, "dev_prefix_token_f1": 0.34490740740740744, "dev_prefix_boundary_precision": 0.9490445859872612, "dev_prefix_boundary_recall": 0.34813084112149534, "dev_prefix_boundary_f1": 0.5094017094017094, "dev_prefix_unique_gold_tokens": 10, "dev_stem_token_precision": 0.1099554234769688, "dev_stem_token_recall": 0.148, "dev_stem_token_f1": 0.12617220801364026, "dev_stem_boundary_precision": 0.6239130434782608, "dev_stem_boundary_recall": 0.3217488789237668, "dev_stem_boundary_f1": 0.4245562130177515, "dev_stem_unique_gold_tokens": 98, "dev_suffix_token_precision": 0.2929936305732484, "dev_suffix_token_recall": 0.3006535947712418, "dev_suffix_token_f1": 0.2967741935483871, "dev_suffix_boundary_precision": 0.92, "dev_suffix_boundary_recall": 0.3006535947712418, "dev_suffix_boundary_f1": 0.4532019704433497, "dev_suffix_unique_gold_tokens": 10, "test_token_precision": 0.3715170278637771, "test_token_recall": 0.26258205689277897, "test_token_f1": 0.3076923076923077, "test_boundary_precision": 0.603411513859275, "test_boundary_recall": 0.3249138920780712, "test_boundary_f1": 0.42238805970149257, "test_unique_predicted_tokens": 410, "test_unique_gold_tokens": 106, "test_prefix_token_precision": 0.34851936218678814, "test_prefix_token_recall": 0.3591549295774648, "test_prefix_token_f1": 0.35375722543352606, "test_prefix_boundary_precision": 0.9216867469879518, "test_prefix_boundary_recall": 0.3591549295774648, "test_prefix_boundary_f1": 0.5168918918918919, "test_prefix_unique_gold_tokens": 10, "test_stem_token_precision": 0.1163141993957704, "test_stem_token_recall": 0.154, "test_stem_token_f1": 0.13253012048192772, "test_stem_boundary_precision": 0.6359550561797753, "test_stem_boundary_recall": 0.32122587968217936,