{"step": 120, "dev_accuracy": 0.5559999942779541, "test_accuracy": 0.5506666898727417, "vsize": "50", "seed": "42", "data": "100", "token_precision": 0.3553408480944713, "token_recall": 0.4828592268417214, "token_f1": 0.409400123685838, "boundary_precision": 0.48936170212765956, "boundary_recall": 0.7657864523536165, "boundary_f1": 0.5971351835273052}
{"step": 450, "dev_accuracy": 0.7580000162124634, "test_accuracy": 0.7426666617393494, "vsize": "100", "seed": "44", "data": "500", "token_precision": 0.43103448275862066, "token_recall": 0.5470459518599562, "token_f1": 0.4821600771456123, "boundary_precision": 0.5532258064516129, "boundary_recall": 0.7876004592422503, "boundary_f1": 0.649928943628612}
{"step": 750, "dev_accuracy": 0.8546666502952576, "test_accuracy": 0.825333297252655, "vsize": "50", "seed": "44", "data": "small", "token_precision": 0.3395748987854251, "token_recall": 0.4894237782640408, "token_f1": 0.400956080071706, "boundary_precision": 0.5006775067750677, "boundary_recall": 0.8484500574052812, "boundary_f1": 0.6297400937366852}
{"step": 570, "dev_accuracy": 0.8833333253860474, "test_accuracy": 0.8666666746139526, "vsize": "400", "seed": "44", "data": "full", "token_precision": 0.4730006835269993, "token_recall": 0.5047410649161196, "token_f1": 0.48835568101623145, "boundary_precision": 0.6199376947040498, "boundary_recall": 0.6854190585533869, "boundary_f1": 0.6510359869138496}
