{"step": 120, "dev_accuracy": 0.5559999942779541, "test_accuracy": 0.5506666898727417, "dev_entroy": 0.07592829534118296, "test_entropy": 0.07762631570303163, "vsize": "50", "seed": "42", "data": "100", "train.100_token_precision": 0.212, "train.100_token_recall": 0.381294964028777, "train.100_token_f1": 0.27249357326478146, "train.100_boundary_precision": 0.2475, "train.100_boundary_recall": 0.5561797752808989, "train.100_boundary_f1": 0.342560553633218, "train.100_unique_predicted_tokens": 159, "train.100_unique_gold_tokens": 79, "train.100_prefix_token_precision": 0.49, "train.100_prefix_token_recall": 0.5632183908045977, "train.100_prefix_token_f1": 0.5240641711229945, "train.100_prefix_boundary_precision": 0.796875, "train.100_prefix_boundary_recall": 0.5862068965517241, "train.100_prefix_boundary_f1": 0.6754966887417218, "train.100_prefix_unique_gold_tokens": 10, "train.100_stem_token_precision": 0.08620689655172414, "train.100_stem_token_recall": 0.15, "train.100_stem_token_f1": 0.10948905109489052, "train.100_stem_boundary_precision": 0.5439560439560439, "train.100_stem_boundary_recall": 0.553072625698324, "train.100_stem_boundary_f1": 0.5484764542936289, "train.100_stem_unique_gold_tokens": 69, "train.100_suffix_token_precision": 0.3783783783783784, "train.100_suffix_token_recall": 0.46153846153846156, "train.100_suffix_token_f1": 0.4158415841584158, "train.100_suffix_boundary_precision": 0.3137254901960784, "train.100_suffix_boundary_recall": 0.5274725274725275, "train.100_suffix_boundary_f1": 0.39344262295081966, "train.100_suffix_unique_gold_tokens": 10, "dev_token_precision": 0.2100383631713555, "dev_token_recall": 0.47368421052631576, "dev_token_f1": 0.29102990033222587, "dev_boundary_precision": 0.2560882800608828, "dev_boundary_recall": 0.7587373167981961, "dev_boundary_f1": 0.3829302987197724, "dev_unique_predicted_tokens": 477, "dev_unique_gold_tokens": 104, "dev_prefix_token_precision": 0.5308880308880309, "dev_prefix_token_recall": 0.6425233644859814, "dev_prefix_token_f1": 0.5813953488372093, "dev_prefix_boundary_precision": 0.7721518987341772, "dev_prefix_boundary_recall": 0.7126168224299065, "dev_prefix_boundary_f1": 0.7411907654921019, "dev_prefix_unique_gold_tokens": 10, "dev_stem_token_precision": 0.08624229979466119, "dev_stem_token_recall": 0.168, "dev_stem_token_f1": 0.11397557666214385, "dev_stem_boundary_precision": 0.5664983164983165, "dev_stem_boundary_recall": 0.7544843049327354, "dev_stem_boundary_f1": 0.6471153846153846, "dev_stem_unique_gold_tokens": 98, "dev_suffix_token_precision": 0.5228070175438596, "dev_suffix_token_recall": 0.6492374727668845, "dev_suffix_token_f1": 0.5792031098153546, "dev_suffix_boundary_precision": 0.3961248654467169, "dev_suffix_boundary_recall": 0.8017429193899782, "dev_suffix_boundary_f1": 0.5302593659942362, "dev_suffix_unique_gold_tokens": 10, "test_token_precision": 0.2113171355498721, "test_token_recall": 0.48212983223924144, "test_token_f1": 0.2938430762391643, "test_boundary_precision": 0.2538051750380518, "test_boundary_recall": 0.7657864523536165, "test_boundary_f1": 0.3812517862246357, "test_unique_predicted_tokens": 495, "test_unique_gold_tokens": 106, "test_prefix_token_precision": 0.54296875, "test_prefix_token_recall": 0.6525821596244131, "test_prefix_token_f1": 0.5927505330490406, "test_prefix_boundary_precision": 0.7844611528822055, "test_prefix_boundary_recall": 0.7347417840375586, "test_prefix_boundary_f1": 0.7587878787878787, "test_prefix_unique_gold_tokens": 10, "test_stem_token_precision": 0.0882936507936508, "test_stem_token_recall": 0.178, "test_stem_token_f1": 0.11803713527851457, "test_stem_boundary_precision": 0.5422764227642276, "test_stem_boundary_recall": 0.757094211123723, "test_stem_boundary_f1": 0.6319279962103268, "test_stem_unique_gold_tokens": 99, "test_suffix_token_precision": 0.5374771480804388, "test_suffix_token_recall": 0.6606741573033708, "test_suffix_token_f1": 0.5927419354838709, "test_suffix_boundary_precision": 0.4004524886877828, "test_suffix_boundary_recall": 0.7955056179775281, "test_suffix_boundary_f1": 0.5327313769751693, "test_suffix_unique_gold_tokens": 10}
{"step": 450, "dev_accuracy": 0.7646666765213013, "test_accuracy": 0.734666645526886, "dev_entroy": 0.054094814511234476, "test_entropy": 0.05954849849245016, "vsize": "100", "seed": "50", "data": "500", "train.100_token_precision": 0.24666666666666667, "train.100_token_recall": 0.5323741007194245, "train.100_token_f1": 0.33712984054669703, "train.100_boundary_precision": 0.252, "train.100_boundary_recall": 0.7078651685393258, "train.100_boundary_f1": 0.3716814159292035, "train.100_unique_predicted_tokens": 199, "train.100_unique_gold_tokens": 79, "train.100_prefix_token_precision": 0.7111111111111111, "train.100_prefix_token_recall": 0.735632183908046, "train.100_prefix_token_f1": 0.7231638418079096, "train.100_prefix_boundary_precision": 0.9552238805970149, "train.100_prefix_boundary_recall": 0.735632183908046, "train.100_prefix_boundary_f1": 0.8311688311688311, "train.100_prefix_unique_gold_tokens": 10, "train.100_stem_token_precision": 0.18666666666666668, "train.100_stem_token_recall": 0.28, "train.100_stem_token_f1": 0.22400000000000003, "train.100_stem_boundary_precision": 0.6810810810810811, "train.100_stem_boundary_recall": 0.7039106145251397, "train.100_stem_boundary_f1": 0.6923076923076923, "train.100_stem_unique_gold_tokens": 69, "train.100_suffix_token_precision": 0.5, "train.100_suffix_token_recall": 0.6153846153846154, "train.100_suffix_token_f1": 0.5517241379310345, "train.100_suffix_boundary_precision": 0.3583815028901734, "train.100_suffix_boundary_recall": 0.6813186813186813, "train.100_suffix_boundary_f1": 0.4696969696969697, "train.100_suffix_unique_gold_tokens": 10, "dev_token_precision": 0.27019498607242337, "dev_token_recall": 0.5594808940158615, "dev_token_f1": 0.3644047898567739, "dev_boundary_precision": 0.306070826306914, "dev_boundary_recall": 0.818489289740699, "dev_boundary_f1": 0.4455354403191163, "dev_unique_predicted_tokens": 473, "dev_unique_gold_tokens": 104, "dev_prefix_token_precision": 0.6979166666666666, "dev_prefix_token_recall": 0.7827102803738317, "dev_prefix_token_f1": 0.737885462555066, "dev_prefix_boundary_precision": 0.8737864077669902, "dev_prefix_boundary_recall": 0.8411214953271028, "dev_prefix_boundary_f1": 0.8571428571428571, "dev_prefix_unique_gold_tokens": 10, "dev_stem_token_precision": 0.13399778516057587, "dev_stem_token_recall": 0.242, "dev_stem_token_f1": 0.17248752672843906, "dev_stem_boundary_precision": 0.6205128205128205, "dev_stem_boundary_recall": 0.8139013452914798, "dev_stem_boundary_f1": 0.7041707080504365, "dev_stem_unique_gold_tokens": 98, "dev_suffix_token_precision": 0.6049149338374291, "dev_suffix_token_recall": 0.6971677559912854, "dev_suffix_token_f1": 0.6477732793522267, "dev_suffix_boundary_precision": 0.41924398625429554, "dev_suffix_boundary_recall": 0.7973856209150327, "dev_suffix_boundary_f1": 0.5495495495495495, "dev_suffix_unique_gold_tokens": 10, "test_token_precision": 0.23157248157248156, "test_token_recall": 0.549963530269876, "test_token_f1": 0.325913118651394, "test_boundary_precision": 0.25, "test_boundary_recall": 0.7910447761194029, "test_boundary_f1": 0.3799283154121864, "test_unique_predicted_tokens": 518, "test_unique_gold_tokens": 106, "test_prefix_token_precision": 0.6437246963562753, "test_prefix_token_recall": 0.7464788732394366, "test_prefix_token_f1": 0.6913043478260869, "test_prefix_boundary_precision": 0.837708830548926, "test_prefix_boundary_recall": 0.823943661971831, "test_prefix_boundary_f1": 0.8307692307692308, "test_prefix_unique_gold_tokens": 10, "test_stem_token_precision": 0.14972677595628414, "test_stem_token_recall": 0.274, "test_stem_token_f1": 0.19363957597173145, "test_stem_boundary_precision": 0.5944779982743744, "test_stem_boundary_recall": 0.7820658342792282, "test_stem_boundary_f1": 0.6754901960784313, "test_stem_unique_gold_tokens": 99,