{"step": 840, "dev_accuracy": 0.6669795513153076, "test_accuracy": 0.6675218343734741, "dev_entroy": 0.06649392580265392, "test_entropy": 0.0658276578322504, "l1": "1.0", "seed": "44", "data": "amazon", "dev_token_precision": 0.22236227031351896, "dev_token_recall": 0.38570708847042273, "dev_token_f1": 0.2820951348044328, "dev_boundary_precision": 0.32159512004655993, "dev_boundary_recall": 0.7467029301585673, "dev_boundary_f1": 0.44956745623069005, "dev_unique_predicted_tokens": 2201, "dev_unique_gold_tokens": 15568, "dev_prefix_token_precision": 0.40455672293707945, "dev_prefix_token_recall": 0.5906583936573595, "dev_prefix_token_f1": 0.4802073845722693, "dev_prefix_boundary_precision": 0.6535835734496275, "dev_prefix_boundary_recall": 0.8212270458919078, "dev_prefix_boundary_f1": 0.7278771934896361, "dev_prefix_unique_gold_tokens": 43, "dev_stem_token_precision": 0.03847303575035346, "dev_stem_token_recall": 0.10188711540930293, "dev_stem_token_f1": 0.055854978799270434, "dev_stem_boundary_precision": 0.33696250903707786, "dev_stem_boundary_recall": 0.7541220433007165, "dev_stem_boundary_f1": 0.46579498405748826, "dev_stem_unique_gold_tokens": 15493, "dev_suffix_token_precision": 0.5995506339271385, "dev_suffix_token_recall": 0.6342399239414621, "dev_suffix_token_f1": 0.6164076164076164, "dev_suffix_boundary_precision": 0.9309590373161541, "dev_suffix_boundary_recall": 0.6689667219844528, "dev_suffix_boundary_f1": 0.77851189266111, "dev_suffix_unique_gold_tokens": 43, "test_token_precision": 0.22272149401604488, "test_token_recall": 0.3869898882181555, "test_token_f1": 0.282727101984599, "test_boundary_precision": 0.32165405668230945, "test_boundary_recall": 0.749197796729413, "test_boundary_f1": 0.45007628236846453, "test_unique_predicted_tokens": 2206, "test_unique_gold_tokens": 15623, "test_prefix_token_precision": 0.40393250460840385, "test_prefix_token_recall": 0.5910709962997545, "test_prefix_token_f1": 0.47990341283991517, "test_prefix_boundary_precision": 0.6513921415560759, "test_prefix_boundary_recall": 0.8194912757390251, "test_prefix_boundary_f1": 0.7258361482813112, "test_prefix_unique_gold_tokens": 43, "test_stem_token_precision": 0.038110396535565395, "test_stem_token_recall": 0.10090055402254594, "test_stem_token_f1": 0.05532456412993121, "test_stem_boundary_precision": 0.3368261539653703, "test_stem_boundary_recall": 0.7557521781967815, "test_stem_boundary_f1": 0.465975009826927, "test_stem_unique_gold_tokens": 15548, "test_suffix_token_precision": 0.607228061125798, "test_suffix_token_recall": 0.6415190735694822, "test_suffix_token_f1": 0.6239027460333235, "test_suffix_boundary_precision": 0.9332178676440972, "test_suffix_boundary_recall": 0.6765856792430791, "test_suffix_boundary_f1": 0.7844458363664066, "test_suffix_unique_gold_tokens": 43}
