{"step": 1200, "dev_accuracy": 0.6295415759086609, "test_accuracy": 0.628519594669342, "dev_entroy": 0.0799877497091696, "test_entropy": 0.07967457949314957, "l1": "0.01", "seed": "42", "data": "amazon", "dev_token_precision": 0.1847185744032982, "dev_token_recall": 0.3356115552429206, "dev_token_f1": 0.23828598232393958, "dev_boundary_precision": 0.29499432117233165, "dev_boundary_recall": 0.7286225004703991, "dev_boundary_f1": 0.4199608591273656, "dev_unique_predicted_tokens": 1918, "dev_unique_gold_tokens": 15568, "dev_prefix_token_precision": 0.3514646289220794, "dev_prefix_token_recall": 0.5231988969320924, "dev_prefix_token_f1": 0.420472331878939, "dev_prefix_boundary_precision": 0.6391660727013543, "dev_prefix_boundary_recall": 0.8189764832512476, "dev_prefix_boundary_f1": 0.7179846446392063, "dev_prefix_unique_gold_tokens": 43, "dev_stem_token_precision": 0.028101523152995484, "dev_stem_token_recall": 0.07867260045359237, "dev_stem_token_f1": 0.04141115522144325, "dev_stem_boundary_precision": 0.3133566816062959, "dev_stem_boundary_recall": 0.7393481778257185, "dev_stem_boundary_f1": 0.44016077151981836, "dev_stem_unique_gold_tokens": 15493, "dev_suffix_token_precision": 0.49901416568083234, "dev_suffix_token_recall": 0.5585888424841262, "dev_suffix_token_f1": 0.5271235861450223, "dev_suffix_boundary_precision": 0.8605591909577632, "dev_suffix_boundary_recall": 0.6317582321600139, "dev_suffix_boundary_f1": 0.7286189181021456, "dev_suffix_unique_gold_tokens": 43, "test_token_precision": 0.18322354663320786, "test_token_recall": 0.33369832232018737, "test_token_f1": 0.23655950267628736, "test_boundary_precision": 0.2940545626889733, "test_boundary_recall": 0.7292757005336582, "test_boundary_f1": 0.41911561674095693, "test_unique_predicted_tokens": 1931, "test_unique_gold_tokens": 15623, "test_prefix_token_precision": 0.3502459168522643, "test_prefix_token_recall": 0.5220804371131168, "test_prefix_token_f1": 0.4192388331181183, "test_prefix_boundary_precision": 0.6386766503667481, "test_prefix_boundary_recall": 0.8209316790519527, "test_prefix_boundary_f1": 0.7184254630359113, "test_prefix_unique_gold_tokens": 43, "test_stem_token_precision": 0.02713447436494189, "test_stem_token_recall": 0.07606579819889195, "test_stem_token_f1": 0.04, "test_stem_boundary_precision": 0.31231441902959506, "test_stem_boundary_recall": 0.739640283600255, "test_stem_boundary_f1": 0.4391830273413975, "test_stem_unique_gold_tokens": 15548, "test_suffix_token_precision": 0.4982675825177801, "test_suffix_token_recall": 0.5583787465940054, "test_suffix_token_f1": 0.5266133436124762, "test_suffix_boundary_precision": 0.8593272171253823, "test_suffix_boundary_recall": 0.6318479149632052, "test_suffix_boundary_f1": 0.7282365414065262, "test_suffix_unique_gold_tokens": 43}
