{"step": 330, "dev_accuracy": 0.6146666407585144, "test_accuracy": 0.6193333268165588, "train_accuracy": 1.0, "dev_entroy": 0.18455578332239733, "test_entropy": 0.1781176074955755, "l1": "0.01", "seed": "60", "data": "100", "train.100_token_precision": 0.30434782608695654, "train.100_token_recall": 0.3776978417266187, "train.100_token_f1": 0.33707865168539325, "train.100_boundary_precision": 0.4489795918367347, "train.100_boundary_recall": 0.6179775280898876, "train.100_boundary_f1": 0.5200945626477541, "train.100_unique_predicted_tokens": 59, "train.100_unique_gold_tokens": 79, "train.100_prefix_token_precision": 0.41964285714285715, "train.100_prefix_token_recall": 0.5402298850574713, "train.100_prefix_token_f1": 0.4723618090452261, "train.100_prefix_boundary_precision": 0.7191011235955056, "train.100_prefix_boundary_recall": 0.735632183908046, "train.100_prefix_boundary_f1": 0.7272727272727273, "train.100_prefix_unique_gold_tokens": 10, "train.100_stem_token_precision": 0.16265060240963855, "train.100_stem_token_recall": 0.27, "train.100_stem_token_f1": 0.20300751879699247, "train.100_stem_boundary_precision": 0.625, "train.100_stem_boundary_recall": 0.6145251396648045, "train.100_stem_boundary_f1": 0.6197183098591549, "train.100_stem_unique_gold_tokens": 69, "train.100_suffix_token_precision": 0.22962962962962963, "train.100_suffix_token_recall": 0.34065934065934067, "train.100_suffix_token_f1": 0.27433628318584075, "train.100_suffix_boundary_precision": 0.5111111111111111, "train.100_suffix_boundary_recall": 0.5054945054945055, "train.100_suffix_boundary_f1": 0.5082872928176795, "train.100_suffix_unique_gold_tokens": 10, "dev_token_precision": 0.30303030303030304, "dev_token_recall": 0.40374909877433307, "dev_token_f1": 0.34621329211746527, "dev_boundary_precision": 0.4577151335311573, "dev_boundary_recall": 0.6956031567080045, "dev_boundary_f1": 0.5521252796420582, "dev_unique_predicted_tokens": 64, "dev_unique_gold_tokens": 104, "dev_prefix_token_precision": 0.5103189493433395, "dev_prefix_token_recall": 0.6355140186915887, "dev_prefix_token_f1": 0.5660770031217482, "dev_prefix_boundary_precision": 0.7602739726027398, "dev_prefix_boundary_recall": 0.7780373831775701, "dev_prefix_boundary_f1": 0.76905311778291, "dev_prefix_unique_gold_tokens": 10, "dev_stem_token_precision": 0.16228571428571428, "dev_stem_token_recall": 0.284, "dev_stem_token_f1": 0.2065454545454545, "dev_stem_boundary_precision": 0.6219758064516129, "dev_stem_boundary_recall": 0.6917040358744395, "dev_stem_boundary_f1": 0.6549893842887473, "dev_stem_unique_gold_tokens": 98, "dev_suffix_token_precision": 0.2056338028169014, "dev_suffix_token_recall": 0.31808278867102396, "dev_suffix_token_f1": 0.2497861420017109, "dev_suffix_boundary_precision": 0.5308411214953271, "dev_suffix_boundary_recall": 0.6187363834422658, "dev_suffix_boundary_f1": 0.5714285714285714, "dev_suffix_unique_gold_tokens": 10, "test_token_precision": 0.29009304871373837, "test_token_recall": 0.38657913931436905, "test_token_f1": 0.3314571607254534, "test_boundary_precision": 0.43632253202712884, "test_boundary_recall": 0.6647531572904707, "test_boundary_f1": 0.5268425841674249, "test_unique_predicted_tokens": 65, "test_unique_gold_tokens": 106, "test_prefix_token_precision": 0.4943181818181818, "test_prefix_token_recall": 0.6126760563380281, "test_prefix_token_f1": 0.5471698113207547, "test_prefix_boundary_precision": 0.7553956834532374, "test_prefix_boundary_recall": 0.7394366197183099, "test_prefix_boundary_f1": 0.7473309608540926, "test_prefix_unique_gold_tokens": 10, "test_stem_token_precision": 0.13259668508287292, "test_stem_token_recall": 0.24, "test_stem_token_f1": 0.17081850533807827, "test_stem_boundary_precision": 0.5884146341463414, "test_stem_boundary_recall": 0.6572077185017026, "test_stem_boundary_f1": 0.620911528150134, "test_stem_unique_gold_tokens": 99, "test_suffix_token_precision": 0.21720116618075802, "test_suffix_token_recall": 0.3348314606741573, "test_suffix_token_f1": 0.2634836427939876, "test_suffix_boundary_precision": 0.5227722772277228, "test_suffix_boundary_recall": 0.5932584269662922, "test_suffix_boundary_f1": 0.5557894736842105, "test_suffix_unique_gold_tokens": 10}
{"step": 330, "dev_accuracy": 0.8579999804496765, "test_accuracy": 0.871999979019165, "train_accuracy": 1.0, "dev_entroy": 0.1276532623438947, "test_entropy": 0.12877274277128245, "l1": "0.1", "seed": "58", "data": "500", "train.100_token_precision": 0.76, "train.100_token_recall": 0.7517985611510791, "train.100_token_f1": 0.755877034358047, "train.100_boundary_precision": 0.84, "train.100_boundary_recall": 0.8258426966292135, "train.100_boundary_f1": 0.8328611898016998, "train.100_unique_predicted_tokens": 72, "train.100_unique_gold_tokens": 79, "train.100_prefix_token_precision": 0.8522727272727273, "train.100_prefix_token_recall": 0.8620689655172413, "train.100_prefix_token_f1": 0.8571428571428572, "train.100_prefix_boundary_precision": 0.9868421052631579, "train.100_prefix_boundary_recall": 0.8620689655172413, "train.100_prefix_boundary_f1": 0.9202453987730062, "train.100_prefix_unique_gold_tokens": 10, "train.100_stem_token_precision": 0.49206349206349204, "train.100_stem_token_recall": 0.62, "train.100_stem_token_f1": 0.5486725663716814, "train.100_stem_boundary_precision": 0.8497109826589595, "train.100_stem_boundary_recall": 0.8212290502793296, "train.100_stem_boundary_f1": 0.8352272727272727, "train.100_stem_unique_gold_tokens": 69, "train.100_suffix_token_precision": 0.782608695652174, "train.100_suffix_token_recall": 0.7912087912087912, "train.100_suffix_token_f1": 0.7868852459016393, "train.100_suffix_boundary_precision": 0.9863013698630136, "train.100_suffix_boundary_recall": 0.7912087912087912, "train.100_suffix_boundary_f1": 0.8780487804878049, "train.100_suffix_unique_gold_tokens": 10, "dev_token_precision": 0.7596685082872928, "dev_token_recall": 0.7930785868781542, "dev_token_f1": 0.7760141093474426, "dev_boundary_precision": 0.8259493670886076, "dev_boundary_recall": 0.882750845546787, "dev_boundary_f1": 0.8534059945504087, "dev_unique_predicted_tokens": 98, "dev_unique_gold_tokens": 104, "dev_prefix_token_precision": 0.9260969976905312, "dev_prefix_token_recall": 0.9369158878504673, "dev_prefix_token_f1": 0.9314750290360047, "dev_prefix_boundary_precision": 0.9876847290640394, "dev_prefix_boundary_recall": 0.9369158878504673, "dev_prefix_boundary_f1": 0.9616306954436451, "dev_prefix_unique_gold_tokens": 10, "dev_stem_token_precision": 0.48103186646433993, "dev_stem_token_recall": 0.634, "dev_stem_token_f1": 0.54702329594478, "dev_stem_boundary_precision": 0.8312101910828026, "dev_stem_boundary_recall": 0.8778026905829597, "dev_stem_boundary_f1": 0.8538713195201746, "dev_stem_unique_gold_tokens": 98, "dev_suffix_token_precision": 0.8304347826086956, "dev_suffix_token_recall": 0.8322440087145969, "dev_suffix_token_f1": 0.8313384113166485, "dev_suffix_boundary_precision": 0.9973890339425587, "dev_suffix_boundary_recall": 0.8322440087145969, "dev_suffix_boundary_f1": 0.9073634204275534, "dev_suffix_unique_gold_tokens": 10, "test_token_precision": 0.7425810904071773, "test_token_recall": 0.7848285922684172, "test_token_f1": 0.7631205673758865, "test_boundary_precision": 0.8071654373024236, "test_boundary_recall": 0.8794489092996556, "test_boundary_f1": 0.8417582417582418, "test_unique_predicted_tokens": 98, "test_unique_gold_tokens": 106, "test_prefix_token_precision": 0.8901601830663616, "test_prefix_token_recall": 0.9131455399061033, "test_prefix_token_f1": 0.9015063731170335, "test_prefix_boundary_precision": 0.9725, "test_prefix_boundary_recall": 0.9131455399061033, "test_prefix_boundary_f1": 0.9418886198547216, "test_prefix_unique_gold_tokens": 10, "test_stem_token_precision": 0.46407185628742514, "test_stem_token_recall": 0.62, "test_stem_token_f1": 0.5308219178082192, "test_stem_boundary_precision": 0.8201284796573876, "test_stem_boundary_recall": 0.8694665153234961,