{"step": 600, "dev_accuracy": 0.6066666841506958, "test_accuracy": 0.6233333349227905, "l1": "0.01", "seed": "44", "data": "100", "token_precision": 0.30572109654350416, "token_recall": 0.3741794310722101, "token_f1": 0.3365037717284356, "boundary_precision": 0.432937181663837, "boundary_recall": 0.5855338691159586, "boundary_f1": 0.49780380673499264}
{"step": 600, "dev_accuracy": 0.8506666421890259, "test_accuracy": 0.8653333187103271, "l1": "0.1", "seed": "46", "data": "500", "token_precision": 0.7524682651622003, "token_recall": 0.7782640408460978, "token_f1": 0.7651487988526354, "boundary_precision": 0.8115468409586056, "boundary_recall": 0.8553386911595867, "boundary_f1": 0.8328675237562885}
{"step": 600, "dev_accuracy": 0.9746666550636292, "test_accuracy": 0.9773333072662354, "l1": "0.1", "seed": "44", "data": "small", "token_precision": 0.8719467061435974, "token_recall": 0.8592268417213713, "token_f1": 0.8655400440852316, "boundary_precision": 0.9083431257344301, "boundary_recall": 0.8874856486796785, "boundary_f1": 0.8977932636469222}
{"step": 600, "dev_accuracy": 0.9946666359901428, "test_accuracy": 0.9940000176429749, "l1": "0.1", "seed": "44", "data": "full", "token_precision": 0.889644746787604, "token_recall": 0.8584974471188913, "token_f1": 0.8737936154417223, "boundary_precision": 0.9307411907654921, "boundary_recall": 0.8794489092996556, "boundary_f1": 0.9043683589138135}
