{"step": 600, "dev_accuracy": 0.6106666326522827, "test_accuracy": 0.6186666488647461, "train_accuracy": 1.0, "dev_entroy": 0.043189028358066706, "test_entropy": 0.044237989618460496, "l1": "0.01", "seed": "42", "data": "100", "train_token_precision": 0.36658031088082904, "train_token_recall": 0.406901509705248, "train_token_f1": 0.3856899488926746, "train_boundary_precision": 0.4899425287356322, "train_boundary_recall": 0.5740740740740741, "train_boundary_f1": 0.5286821705426357, "dev_token_precision": 0.3709677419354839, "dev_token_recall": 0.414563806777217, "dev_token_f1": 0.39155600953353764, "dev_boundary_precision": 0.4895238095238095, "dev_boundary_recall": 0.5794813979706878, "dev_boundary_f1": 0.5307176045431079, "test_token_precision": 0.3647959183673469, "test_token_recall": 0.41721371261852663, "test_token_f1": 0.3892480435522287, "test_boundary_precision": 0.4887640449438202, "test_boundary_recall": 0.5993111366245695, "test_boundary_f1": 0.5384218669417227}
{"step": 600, "dev_accuracy": 0.8506666421890259, "test_accuracy": 0.8579999804496765, "train_accuracy": 1.0, "dev_entroy": 0.02460423253101243, "test_entropy": 0.024713813122717428, "l1": "0.01", "seed": "48", "data": "500", "train_token_precision": 0.7583607191184999, "train_token_recall": 0.7050682961897915, "train_token_f1": 0.7307441557232002, "train_boundary_precision": 0.8521903561298456, "train_boundary_recall": 0.7586980920314254, "train_boundary_f1": 0.8027311859878286, "dev_token_precision": 0.7792408985282726, "dev_token_recall": 0.7253064167267483, "dev_token_f1": 0.7513069454817028, "dev_boundary_precision": 0.8735777496839444, "dev_boundary_recall": 0.7790304396843292, "dev_boundary_f1": 0.8235995232419547, "test_token_precision": 0.7661227661227661, "test_token_recall": 0.7191830780452224, "test_token_f1": 0.7419112114371709, "test_boundary_precision": 0.8538754764930114, "test_boundary_recall": 0.7715269804822044, "test_boundary_f1": 0.8106151990349819}
{"step": 600, "dev_accuracy": 0.9713333249092102, "test_accuracy": 0.9639999866485596, "train_accuracy": 1.0, "dev_entroy": 0.012971289939477068, "test_entropy": 0.013294657623163581, "l1": "0.01", "seed": "44", "data": "small", "train_token_precision": 0.8467773060594365, "train_token_recall": 0.7886412652767792, "train_token_f1": 0.8166759724548669, "train_boundary_precision": 0.9308610936517914, "train_boundary_recall": 0.8310886644219978, "train_boundary_f1": 0.8781500148235992, "dev_token_precision": 0.848012470771629, "dev_token_recall": 0.7844268204758471, "dev_token_f1": 0.8149812734082397, "dev_boundary_precision": 0.9374201787994891, "dev_boundary_recall": 0.8275084554678692, "dev_boundary_f1": 0.8790419161676646, "test_token_precision": 0.8568093385214007, "test_token_recall": 0.8030634573304157, "test_token_f1": 0.829066265060241, "test_boundary_precision": 0.9312101910828026, "test_boundary_recall": 0.8392652123995408, "test_boundary_f1": 0.8828502415458938}
{"step": 600, "dev_accuracy": 0.9940000176429749, "test_accuracy": 0.9953333139419556, "train_accuracy": 1.0, "dev_entroy": 0.010298412006650057, "test_entropy": 0.011285269054399714, "l1": "0.01", "seed": "54", "data": "full", "train_token_precision": 0.8560591693533093, "train_token_recall": 0.8112868439971244, "train_token_f1": 0.8330718833625542, "train_boundary_precision": 0.9242285365108464, "train_boundary_recall": 0.8487654320987654, "train_boundary_f1": 0.8848910340792746, "dev_token_precision": 0.8614318706697459, "dev_token_recall": 0.8067772170151406, "dev_token_f1": 0.8332092330603127, "dev_boundary_precision": 0.9411764705882353, "dev_boundary_recall": 0.8478015783540023, "dev_boundary_f1": 0.8920521945432978, "test_token_precision": 0.8652809853733642, "test_token_recall": 0.8198395331874544, "test_token_f1": 0.8419475655430712, "test_boundary_precision": 0.932415519399249, "test_boundary_recall": 0.8553386911595867, "test_boundary_f1": 0.8922155688622755}
