{"step": 570, "dev_accuracy": 0.6119999885559082, "test_accuracy": 0.6186666488647461, "train_accuracy": 1.0, "dev_entroy": 0.04363871165936979, "test_entropy": 0.044640142671725724, "l1": "0.01", "seed": "42", "data": "100", "train.100_token_precision": 0.3159722222222222, "train.100_token_recall": 0.3273381294964029, "train.100_token_f1": 0.32155477031802115, "train.100_boundary_precision": 0.48936170212765956, "train.100_boundary_recall": 0.5168539325842697, "train.100_boundary_f1": 0.5027322404371584, "train.100_unique_predicted_tokens": 74, "train.100_unique_gold_tokens": 79, "train.100_prefix_token_precision": 0.38235294117647056, "train.100_prefix_token_recall": 0.4482758620689655, "train.100_prefix_token_f1": 0.41269841269841273, "train.100_prefix_boundary_precision": 0.7619047619047619, "train.100_prefix_boundary_recall": 0.5517241379310345, "train.100_prefix_boundary_f1": 0.64, "train.100_prefix_unique_gold_tokens": 10, "train.100_stem_token_precision": 0.14864864864864866, "train.100_stem_token_recall": 0.22, "train.100_stem_token_f1": 0.17741935483870966, "train.100_stem_boundary_precision": 0.6571428571428571, "train.100_stem_boundary_recall": 0.5139664804469274, "train.100_stem_boundary_f1": 0.5768025078369906, "train.100_stem_unique_gold_tokens": 69, "train.100_suffix_token_precision": 0.24193548387096775, "train.100_suffix_token_recall": 0.32967032967032966, "train.100_suffix_token_f1": 0.27906976744186046, "train.100_suffix_boundary_precision": 0.5714285714285714, "train.100_suffix_boundary_recall": 0.4835164835164835, "train.100_suffix_boundary_f1": 0.5238095238095237, "train.100_suffix_unique_gold_tokens": 10, "dev_token_precision": 0.3745173745173745, "dev_token_recall": 0.41961067051189616, "dev_token_f1": 0.39578374702482144, "dev_boundary_precision": 0.49146110056925996, "dev_boundary_recall": 0.5839909808342728, "dev_boundary_f1": 0.5337454920144257, "dev_unique_predicted_tokens": 123, "dev_unique_gold_tokens": 104, "dev_prefix_token_precision": 0.4803921568627451, "dev_prefix_token_recall": 0.572429906542056, "dev_prefix_token_f1": 0.5223880597014925, "dev_prefix_boundary_precision": 0.7715877437325905, "dev_prefix_boundary_recall": 0.647196261682243, "dev_prefix_boundary_f1": 0.7039390088945362, "dev_prefix_unique_gold_tokens": 10, "dev_stem_token_precision": 0.20625, "dev_stem_token_recall": 0.33, "dev_stem_token_f1": 0.25384615384615383, "dev_stem_boundary_precision": 0.6332518337408313, "dev_stem_boundary_recall": 0.5807174887892377, "dev_stem_boundary_f1": 0.6058479532163742, "dev_stem_unique_gold_tokens": 98, "dev_suffix_token_precision": 0.2805872756933116, "dev_suffix_token_recall": 0.3747276688453159, "dev_suffix_token_f1": 0.3208955223880597, "dev_suffix_boundary_precision": 0.610126582278481, "dev_suffix_boundary_recall": 0.5250544662309368, "dev_suffix_boundary_f1": 0.5644028103044496, "dev_suffix_unique_gold_tokens": 10, "test_token_precision": 0.364968152866242, "test_token_recall": 0.4179431072210066, "test_token_f1": 0.3896633798027882, "test_boundary_precision": 0.48785046728971965, "test_boundary_recall": 0.5993111366245695, "test_boundary_f1": 0.5378670788253478, "test_unique_predicted_tokens": 122, "test_unique_gold_tokens": 106, "test_prefix_token_precision": 0.49606299212598426, "test_prefix_token_recall": 0.5915492957746479, "test_prefix_token_f1": 0.5396145610278372, "test_prefix_boundary_precision": 0.7777777777777778, "test_prefix_boundary_recall": 0.6737089201877934, "test_prefix_boundary_f1": 0.7220125786163522, "test_prefix_unique_gold_tokens": 10, "test_stem_token_precision": 0.20174346201743462, "test_stem_token_recall": 0.324, "test_stem_token_f1": 0.24865694551036072, "test_stem_boundary_precision": 0.6327272727272727, "test_stem_boundary_recall": 0.5925085130533485, "test_stem_boundary_f1": 0.6119577960140681, "test_stem_unique_gold_tokens": 99, "test_suffix_token_precision": 0.26151315789473684, "test_suffix_token_recall": 0.35730337078651686, "test_suffix_token_f1": 0.301994301994302, "test_suffix_boundary_precision": 0.5904522613065326, "test_suffix_boundary_recall": 0.5280898876404494, "test_suffix_boundary_f1": 0.5575326215895611, "test_suffix_unique_gold_tokens": 10}
{"step": 330, "dev_accuracy": 0.8546666502952576, "test_accuracy": 0.8653333187103271, "train_accuracy": 1.0, "dev_entroy": 0.13926456600468043, "test_entropy": 0.14031645891332645, "l1": "0.1", "seed": "46", "data": "500", "train.100_token_precision": 0.7554744525547445, "train.100_token_recall": 0.7446043165467626, "train.100_token_f1": 0.75, "train.100_boundary_precision": 0.8275862068965517, "train.100_boundary_recall": 0.8089887640449438, "train.100_boundary_f1": 0.8181818181818181, "train.100_unique_predicted_tokens": 73, "train.100_unique_gold_tokens": 79, "train.100_prefix_token_precision": 0.8522727272727273, "train.100_prefix_token_recall": 0.8620689655172413, "train.100_prefix_token_f1": 0.8571428571428572, "train.100_prefix_boundary_precision": 0.9868421052631579, "train.100_prefix_boundary_recall": 0.8620689655172413, "train.100_prefix_boundary_f1": 0.9202453987730062, "train.100_prefix_unique_gold_tokens": 10, "train.100_stem_token_precision": 0.504, "train.100_stem_token_recall": 0.63, "train.100_stem_token_f1": 0.56, "train.100_stem_boundary_precision": 0.8520710059171598, "train.100_stem_boundary_recall": 0.8044692737430168, "train.100_stem_boundary_f1": 0.8275862068965518, "train.100_stem_unique_gold_tokens": 69, "train.100_suffix_token_precision": 0.7263157894736842, "train.100_suffix_token_recall": 0.7582417582417582, "train.100_suffix_token_f1": 0.7419354838709676, "train.100_suffix_boundary_precision": 0.9452054794520548, "train.100_suffix_boundary_recall": 0.7582417582417582, "train.100_suffix_boundary_f1": 0.8414634146341463, "train.100_suffix_unique_gold_tokens": 10, "dev_token_precision": 0.7780898876404494, "dev_token_recall": 0.798846431146359, "dev_token_f1": 0.7883315546069014, "dev_boundary_precision": 0.8354978354978355, "dev_boundary_recall": 0.8703494926719278, "dev_boundary_f1": 0.8525676421866373, "dev_unique_predicted_tokens": 97, "dev_unique_gold_tokens": 104, "dev_prefix_token_precision": 0.925754060324826, "dev_prefix_token_recall": 0.9322429906542056, "dev_prefix_token_f1": 0.9289871944121071, "dev_prefix_boundary_precision": 0.9925373134328358, "dev_prefix_boundary_recall": 0.9322429906542056, "dev_prefix_boundary_f1": 0.96144578313253, "dev_prefix_unique_gold_tokens": 10, "dev_stem_token_precision": 0.5209302325581395, "dev_stem_token_recall": 0.672, "dev_stem_token_f1": 0.5868995633187774, "dev_stem_boundary_precision": 0.8418756815703381, "dev_stem_boundary_recall": 0.8654708520179372, "dev_stem_boundary_f1": 0.8535102266445551, "dev_stem_unique_gold_tokens": 98, "dev_suffix_token_precision": 0.8056155507559395, "dev_suffix_token_recall": 0.8126361655773421, "dev_suffix_token_f1": 0.8091106290672451, "dev_suffix_boundary_precision": 0.9893899204244032, "dev_suffix_boundary_recall": 0.8126361655773421, "dev_suffix_boundary_f1": 0.8923444976076554, "dev_suffix_unique_gold_tokens": 10, "test_token_precision": 0.7409217877094972, "test_token_recall": 0.7738876732312181, "test_token_f1": 0.7570460221191581, "test_boundary_precision": 0.8004291845493562, "test_boundary_recall": 0.8564867967853043, "test_boundary_f1": 0.8275097060454798, "test_unique_predicted_tokens": 98, "test_unique_gold_tokens": 106, "test_prefix_token_precision": 0.9059633027522935, "test_prefix_token_recall": 0.9272300469483568, "test_prefix_token_f1": 0.9164733178654292, "test_prefix_boundary_precision": 0.9753086419753086, "test_prefix_boundary_recall": 0.9272300469483568, "test_prefix_boundary_f1": 0.9506618531889289, "test_prefix_unique_gold_tokens": 10, "test_stem_token_precision": 0.47368421052631576, "test_stem_token_recall": 0.63, "test_stem_token_f1": 0.5407725321888411, "test_stem_boundary_precision": 0.818880351262349, "test_stem_boundary_recall": 0.8467650397275823,