{"step": 600, "dev_accuracy": 0.6106666326522827, "test_accuracy": 0.6186666488647461, "train_accuracy": 1.0, "dev_entroy": 0.043189028358066706, "test_entropy": 0.044237989618460496, "l1": "0.01", "seed": "42", "data": "100", "train.100_token_precision": 0.3159722222222222, "train.100_token_recall": 0.3273381294964029, "train.100_token_f1": 0.32155477031802115, "train.100_boundary_precision": 0.48936170212765956, "train.100_boundary_recall": 0.5168539325842697, "train.100_boundary_f1": 0.5027322404371584, "train.100_unique_predicted_tokens": 74, "train.100_unique_gold_tokens": 79, "train.100_prefix_token_precision": 0.38235294117647056, "train.100_prefix_token_recall": 0.4482758620689655, "train.100_prefix_token_f1": 0.41269841269841273, "train.100_prefix_boundary_precision": 0.7619047619047619, "train.100_prefix_boundary_recall": 0.5517241379310345, "train.100_prefix_boundary_f1": 0.64, "train.100_prefix_unique_gold_tokens": 10, "train.100_stem_token_precision": 0.14864864864864866, "train.100_stem_token_recall": 0.22, "train.100_stem_token_f1": 0.17741935483870966, "train.100_stem_boundary_precision": 0.6571428571428571, "train.100_stem_boundary_recall": 0.5139664804469274, "train.100_stem_boundary_f1": 0.5768025078369906, "train.100_stem_unique_gold_tokens": 69, "train.100_suffix_token_precision": 0.24193548387096775, "train.100_suffix_token_recall": 0.32967032967032966, "train.100_suffix_token_f1": 0.27906976744186046, "train.100_suffix_boundary_precision": 0.5714285714285714, "train.100_suffix_boundary_recall": 0.4835164835164835, "train.100_suffix_boundary_f1": 0.5238095238095237, "train.100_suffix_unique_gold_tokens": 10, "dev_token_precision": 0.3709677419354839, "dev_token_recall": 0.414563806777217, "dev_token_f1": 0.39155600953353764, "dev_boundary_precision": 0.4895238095238095, "dev_boundary_recall": 0.5794813979706878, "dev_boundary_f1": 0.5307176045431079, "dev_unique_predicted_tokens": 126, "dev_unique_gold_tokens": 104, "dev_prefix_token_precision": 0.4774951076320939, "dev_prefix_token_recall": 0.5700934579439252, "dev_prefix_token_f1": 0.5197018104366347, "dev_prefix_boundary_precision": 0.7688022284122563, "dev_prefix_boundary_recall": 0.6448598130841121, "dev_prefix_boundary_f1": 0.7013977128335451, "dev_prefix_unique_gold_tokens": 10, "dev_stem_token_precision": 0.20275344180225283, "dev_stem_token_recall": 0.324, "dev_stem_token_f1": 0.2494226327944573, "dev_stem_boundary_precision": 0.6322263222632226, "dev_stem_boundary_recall": 0.5762331838565022, "dev_stem_boundary_f1": 0.6029325513196482, "dev_stem_unique_gold_tokens": 98, "dev_suffix_token_precision": 0.27569331158238175, "dev_suffix_token_recall": 0.3681917211328976, "dev_suffix_token_f1": 0.31529850746268656, "dev_suffix_boundary_precision": 0.6071428571428571, "dev_suffix_boundary_recall": 0.5185185185185185, "dev_suffix_boundary_f1": 0.5593419506462984, "dev_suffix_unique_gold_tokens": 10, "test_token_precision": 0.3647959183673469, "test_token_recall": 0.41721371261852663, "test_token_f1": 0.3892480435522287, "test_boundary_precision": 0.4887640449438202, "test_boundary_recall": 0.5993111366245695, "test_boundary_f1": 0.5384218669417227, "test_unique_predicted_tokens": 123, "test_unique_gold_tokens": 106, "test_prefix_token_precision": 0.4970414201183432, "test_prefix_token_recall": 0.5915492957746479, "test_prefix_token_f1": 0.5401929260450161, "test_prefix_boundary_precision": 0.779891304347826, "test_prefix_boundary_recall": 0.6737089201877934, "test_prefix_boundary_f1": 0.7229219143576825, "test_prefix_unique_gold_tokens": 10, "test_stem_token_precision": 0.2034956304619226, "test_stem_token_recall": 0.326, "test_stem_token_f1": 0.250576479631053, "test_stem_boundary_precision": 0.6342648845686513, "test_stem_boundary_recall": 0.5925085130533485, "test_stem_boundary_f1": 0.6126760563380281, "test_stem_unique_gold_tokens": 99, "test_suffix_token_precision": 0.25779967159277506, "test_suffix_token_recall": 0.35280898876404493, "test_suffix_token_f1": 0.29791271347248577, "test_suffix_boundary_precision": 0.5889724310776943, "test_suffix_boundary_recall": 0.5280898876404494, "test_suffix_boundary_f1": 0.5568720379146919, "test_suffix_unique_gold_tokens": 10}
{"step": 600, "dev_accuracy": 0.8413333296775818, "test_accuracy": 0.8686666488647461, "train_accuracy": 1.0, "dev_entroy": 0.021981949625797855, "test_entropy": 0.023952443063047255, "l1": "0.01", "seed": "42", "data": "500", "train.100_token_precision": 0.7590361445783133, "train.100_token_recall": 0.6798561151079137, "train.100_token_f1": 0.7172675521821632, "train.100_boundary_precision": 0.8993288590604027, "train.100_boundary_recall": 0.7528089887640449, "train.100_boundary_f1": 0.8195718654434251, "train.100_unique_predicted_tokens": 88, "train.100_unique_gold_tokens": 79, "train.100_prefix_token_precision": 0.8390804597701149, "train.100_prefix_token_recall": 0.8390804597701149, "train.100_prefix_token_f1": 0.8390804597701149, "train.100_prefix_boundary_precision": 1.0, "train.100_prefix_boundary_recall": 0.8390804597701149, "train.100_prefix_boundary_f1": 0.9125, "train.100_prefix_unique_gold_tokens": 10, "train.100_stem_token_precision": 0.49107142857142855, "train.100_stem_token_recall": 0.55, "train.100_stem_token_f1": 0.5188679245283018, "train.100_stem_boundary_precision": 0.9178082191780822, "train.100_stem_boundary_recall": 0.7486033519553073, "train.100_stem_boundary_f1": 0.8246153846153845, "train.100_stem_unique_gold_tokens": 69, "train.100_suffix_token_precision": 0.648936170212766, "train.100_suffix_token_recall": 0.6703296703296703, "train.100_suffix_token_f1": 0.6594594594594595, "train.100_suffix_boundary_precision": 0.953125, "train.100_suffix_boundary_recall": 0.6703296703296703, "train.100_suffix_boundary_f1": 0.7870967741935485, "train.100_suffix_unique_gold_tokens": 10, "dev_token_precision": 0.784099766173032, "dev_token_recall": 0.7253064167267483, "dev_token_f1": 0.7535580524344568, "dev_boundary_precision": 0.8850574712643678, "dev_boundary_recall": 0.7812852311161218, "dev_boundary_f1": 0.8299401197604791, "dev_unique_predicted_tokens": 183, "dev_unique_gold_tokens": 104, "dev_prefix_token_precision": 0.8089887640449438, "dev_prefix_token_recall": 0.8411214953271028, "dev_prefix_token_f1": 0.8247422680412371, "dev_prefix_boundary_precision": 0.9549071618037135, "dev_prefix_boundary_recall": 0.8411214953271028, "dev_prefix_boundary_f1": 0.8944099378881988, "dev_prefix_unique_gold_tokens": 10, "dev_stem_token_precision": 0.5491228070175439, "dev_stem_token_recall": 0.626, "dev_stem_token_f1": 0.5850467289719626, "dev_stem_boundary_precision": 0.908256880733945, "dev_stem_boundary_recall": 0.7769058295964125, "dev_stem_boundary_f1": 0.8374622356495469, "dev_stem_unique_gold_tokens": 98, "dev_suffix_token_precision": 0.7207792207792207, "dev_suffix_token_recall": 0.7254901960784313, "dev_suffix_token_f1": 0.7231270358306189, "dev_suffix_boundary_precision": 0.9910714285714286, "dev_suffix_boundary_recall": 0.7254901960784313, "dev_suffix_boundary_f1": 0.8377358490566038, "dev_suffix_unique_gold_tokens": 10, "test_token_precision": 0.7822393822393823, "test_token_recall": 0.7388767323121809, "test_token_f1": 0.7599399849962492, "test_boundary_precision": 0.8704402515723271, "test_boundary_recall": 0.7944890929965557, "test_boundary_f1": 0.8307322929171669, "test_unique_predicted_tokens": 168, "test_unique_gold_tokens": 106, "test_prefix_token_precision": 0.8291571753986332, "test_prefix_token_recall": 0.8544600938967136, "test_prefix_token_f1": 0.8416184971098265, "test_prefix_boundary_precision": 0.9655172413793104, "test_prefix_boundary_recall": 0.8544600938967136, "test_prefix_boundary_f1": 0.9066002490660025, "test_prefix_unique_gold_tokens": 10, "test_stem_token_precision": 0.5524956970740104, "test_stem_token_recall": 0.642, "test_stem_token_f1": 0.5938945420906568, "test_stem_boundary_precision": 0.8952134540750324, "test_stem_boundary_recall": 0.7854710556186152,