{"step": 90, "dev_accuracy": 0.547333300113678, "test_accuracy": 0.5446666479110718, "vsize": "50", "nbest": "10", "seed": "46", "data": "100", "token_precision": 0.2695351137487636, "token_recall": 0.3975200583515682, "token_f1": 0.3212496315944592, "boundary_precision": 0.44612352168199737, "boundary_recall": 0.7795637198622273, "boundary_f1": 0.5674885081487673}
{"step": 510, "dev_accuracy": 0.7373332977294922, "test_accuracy": 0.7080000042915344, "vsize": "50", "nbest": "10", "seed": "46", "data": "500", "token_precision": 0.27608200455580867, "token_recall": 0.4420131291028446, "token_f1": 0.3398766124509254, "boundary_precision": 0.4755162241887906, "boundary_recall": 0.9253731343283582, "boundary_f1": 0.6282151208106003}
{"step": 450, "dev_accuracy": 0.8353333473205566, "test_accuracy": 0.8259999752044678, "vsize": "100", "nbest": "10", "seed": "46", "data": "small", "token_precision": 0.37370600414078675, "token_recall": 0.5266229029905178, "token_f1": 0.4371783227369058, "boundary_precision": 0.5041899441340782, "boundary_recall": 0.8289322617680827, "boundary_f1": 0.627008250108554}
{"step": 390, "dev_accuracy": 0.8326666355133057, "test_accuracy": 0.8366666436195374, "vsize": "400", "nbest": "10", "seed": "46", "data": "full", "token_precision": 0.40415584415584416, "token_recall": 0.5674690007293947, "token_f1": 0.4720873786407767, "boundary_precision": 0.5417543859649123, "boundary_recall": 0.886337543053961, "boundary_f1": 0.672473867595819}
