{"step": 1200, "dev_accuracy": 0.6510865092277527, "test_accuracy": 0.6540737152099609, "dev_entroy": 0.10521739441578797, "test_entropy": 0.10474282119293941, "l1": "0.01", "seed": "42", "data": "reddit", "dev_token_precision": 0.17510890690972455, "dev_token_recall": 0.352319309600863, "dev_token_f1": 0.23394368088821238, "dev_boundary_precision": 0.2768281511951468, "dev_boundary_recall": 0.7876954853939215, "dev_boundary_f1": 0.40967861573286607, "dev_unique_predicted_tokens": 1797, "dev_unique_gold_tokens": 9361, "dev_prefix_token_precision": 0.3343762221353148, "dev_prefix_token_recall": 0.5473313595262863, "dev_prefix_token_f1": 0.41513670985949686, "dev_prefix_boundary_precision": 0.5805533596837945, "dev_prefix_boundary_recall": 0.8335351089588378, "dev_prefix_boundary_f1": 0.6844148985741356, "dev_prefix_unique_gold_tokens": 42, "dev_stem_token_precision": 0.026059867803582482, "dev_stem_token_recall": 0.07792905768541741, "dev_stem_token_f1": 0.03905840803316224, "dev_stem_boundary_precision": 0.3086719349553025, "dev_stem_boundary_recall": 0.8023939181538793, "dev_stem_boundary_f1": 0.44583582983822645, "dev_stem_unique_gold_tokens": 9296, "dev_suffix_token_precision": 0.5863630945285493, "dev_suffix_token_recall": 0.6276636468036239, "dev_suffix_token_f1": 0.6063108591150006, "dev_suffix_boundary_precision": 0.9174641148325359, "dev_suffix_boundary_recall": 0.689051094890511, "dev_suffix_boundary_f1": 0.7870198165843647, "dev_suffix_unique_gold_tokens": 34, "test_token_precision": 0.17382333108563722, "test_token_recall": 0.3496365017361111, "test_token_f1": 0.23220494712378617, "test_boundary_precision": 0.2734413096482062, "test_boundary_recall": 0.779825171351942, "test_boundary_f1": 0.40490496944064774, "test_unique_predicted_tokens": 1795, "test_unique_gold_tokens": 9273, "test_prefix_token_precision": 0.3248591721773206, "test_prefix_token_recall": 0.5379187282018006, "test_prefix_token_f1": 0.4050818470559492, "test_prefix_boundary_precision": 0.5700994204901909, "test_prefix_boundary_recall": 0.8250365468954374, "test_prefix_boundary_f1": 0.6742752939696912, "test_prefix_unique_gold_tokens": 42, "test_stem_token_precision": 0.02712422896867654, "test_stem_token_recall": 0.08069336521219367, "test_stem_token_f1": 0.04060089321965083, "test_stem_boundary_precision": 0.30763589120321866, "test_stem_boundary_recall": 0.7934817857528916, "test_stem_boundary_f1": 0.44337400338245964, "test_stem_unique_gold_tokens": 9207, "test_suffix_token_precision": 0.5843753721567226, "test_suffix_token_recall": 0.6286995515695067, "test_suffix_token_f1": 0.6057276879397605, "test_suffix_boundary_precision": 0.9101669195751139, "test_suffix_boundary_recall": 0.6840004561523549, "test_suffix_boundary_f1": 0.7810404323198126, "test_suffix_unique_gold_tokens": 34}
