{"step": 240, "dev_accuracy": 0.6756281852722168, "test_accuracy": 0.6746324896812439, "dev_entroy": 0.3047039657310919, "test_entropy": 0.3039304926373149, "l1": "0.1", "seed": "46", "data": "reddit", "dev_token_precision": 0.18845454675579348, "dev_token_recall": 0.35507011866235166, "dev_token_f1": 0.2462246243325884, "dev_boundary_precision": 0.3029915093096372, "dev_boundary_recall": 0.7914822464837219, "dev_boundary_f1": 0.43822412220391826, "dev_unique_predicted_tokens": 1956, "dev_unique_gold_tokens": 9361, "dev_prefix_token_precision": 0.3555671175858481, "dev_prefix_token_recall": 0.5468512442986316, "dev_prefix_token_f1": 0.4309360910552701, "dev_prefix_boundary_precision": 0.6231713468975955, "dev_prefix_boundary_recall": 0.8412530266343826, "dev_prefix_boundary_f1": 0.71597385452555, "dev_prefix_unique_gold_tokens": 42, "dev_stem_token_precision": 0.030533531016996497, "dev_stem_token_recall": 0.0848560850352323, "dev_stem_token_f1": 0.044907956071738954, "dev_stem_boundary_precision": 0.33420488066505766, "dev_stem_boundary_recall": 0.8063298646681404, "dev_stem_boundary_f1": 0.47254917450035544, "dev_stem_unique_gold_tokens": 9296, "dev_suffix_token_precision": 0.5885666347075743, "dev_suffix_token_recall": 0.6266428480285824, "dev_suffix_token_f1": 0.6070082195167172, "dev_suffix_boundary_precision": 0.9234370280881908, "dev_suffix_boundary_recall": 0.686692869174621, "dev_suffix_boundary_f1": 0.787660204804534, "dev_suffix_unique_gold_tokens": 34, "test_token_precision": 0.18596899558927057, "test_token_recall": 0.3511284722222222, "test_token_f1": 0.24315515605774554, "test_boundary_precision": 0.29933992775140433, "test_boundary_recall": 0.7860832422767458, "test_boundary_f1": 0.43357486268440015, "test_unique_predicted_tokens": 1948, "test_unique_gold_tokens": 9273, "test_prefix_token_precision": 0.3478238179730717, "test_prefix_token_recall": 0.540595344310163, "test_prefix_token_f1": 0.42329554475882, "test_prefix_boundary_precision": 0.6143905191873589, "test_prefix_boundary_recall": 0.8376548434254059, "test_prefix_boundary_f1": 0.7088582869420842, "test_prefix_unique_gold_tokens": 42, "test_stem_token_precision": 0.03042578865712808, "test_stem_token_recall": 0.08439928272564255, "test_stem_token_f1": 0.04472742247141182, "test_stem_boundary_precision": 0.3325536939165636, "test_stem_boundary_recall": 0.7992108961193385, "test_stem_boundary_f1": 0.46967459145266566, "test_stem_unique_gold_tokens": 9207, "test_suffix_token_precision": 0.5835731414868105, "test_suffix_token_recall": 0.6235746316463805, "test_suffix_token_f1": 0.6029111179931868, "test_suffix_boundary_precision": 0.9178818112049117, "test_suffix_boundary_recall": 0.6819477705553655, "test_suffix_boundary_f1": 0.7825176655325831, "test_suffix_unique_gold_tokens": 34}
