{"step": 180, "dev_accuracy": 0.9866666793823242, "test_accuracy": 0.984666645526886, "train_accuracy": 1.0, "dev_entroy": 0.021981949609341748, "test_entropy": 0.023952443063289586, "seed": "42", "l1": "0.01", "mixture": "0.9875", "dev_boundary_precision": 0.9988674971687429, "dev_boundary_recall": 0.9943630214205186, "dev_boundary_f1": 0.9966101694915255}
{"step": 180, "dev_accuracy": 0.9866666793823242, "test_accuracy": 0.984666645526886, "train_accuracy": 1.0, "dev_entroy": 0.021981949609341748, "test_entropy": 0.023952443063289586, "seed": "42", "l1": "0.01", "mixture": "0.9875", "test_boundary_precision": 0.998849252013809, "test_boundary_recall": 0.9965556831228473, "test_boundary_f1": 0.9977011494252873}
{"step": 180, "dev_accuracy": 0.9853333234786987, "test_accuracy": 0.9806666374206543, "train_accuracy": 1.0, "dev_entroy": 0.021981949609341748, "test_entropy": 0.023952443063289586, "seed": "42", "l1": "0.01", "mixture": "0.975", "dev_boundary_precision": 0.9977349943374858, "dev_boundary_recall": 0.9932356257046223, "dev_boundary_f1": 0.9954802259887005}
{"step": 180, "dev_accuracy": 0.9853333234786987, "test_accuracy": 0.9806666374206543, "train_accuracy": 1.0, "dev_entroy": 0.021981949609341748, "test_entropy": 0.023952443063289586, "seed": "42", "l1": "0.01", "mixture": "0.975", "test_boundary_precision": 0.9976958525345622, "test_boundary_recall": 0.9942594718714122, "test_boundary_f1": 0.9959746981023576}
{"step": 390, "dev_accuracy": 0.9779999852180481, "test_accuracy": 0.9746666550636292, "train_accuracy": 1.0, "dev_entroy": 0.021981949609341748, "test_entropy": 0.023952443063289586, "seed": "42", "l1": "0.01", "mixture": "0.95", "dev_boundary_precision": 0.9931972789115646, "dev_boundary_recall": 0.9875986471251409, "dev_boundary_f1": 0.9903900508762011}
{"step": 390, "dev_accuracy": 0.9779999852180481, "test_accuracy": 0.9746666550636292, "train_accuracy": 1.0, "dev_entroy": 0.021981949609341748, "test_entropy": 0.023952443063289586, "seed": "42", "l1": "0.01", "mixture": "0.95", "test_boundary_precision": 0.9896432681242808, "test_boundary_recall": 0.9873708381171068, "test_boundary_f1": 0.9885057471264368}
{"step": 810, "dev_accuracy": 0.9713333249092102, "test_accuracy": 0.9620000123977661, "train_accuracy": 1.0, "dev_entroy": 0.02198194960934175, "test_entropy": 0.023952443063289586, "seed": "42", "l1": "0.01", "mixture": "0.9", "dev_boundary_precision": 0.9908987485779295, "dev_boundary_recall": 0.9819616685456595, "dev_boundary_f1": 0.9864099660249152}
{"step": 810, "dev_accuracy": 0.9713333249092102, "test_accuracy": 0.9620000123977661, "train_accuracy": 1.0, "dev_entroy": 0.02198194960934175, "test_entropy": 0.023952443063289586, "seed": "42", "l1": "0.01", "mixture": "0.9", "test_boundary_precision": 0.9793103448275862, "test_boundary_recall": 0.9781859931113662, "test_boundary_f1": 0.9787478460654796}
{"step": 540, "dev_accuracy": 0.9459999799728394, "test_accuracy": 0.940666675567627, "train_accuracy": 1.0, "dev_entroy": 0.02198194960934175, "test_entropy": 0.023952443063289582, "seed": "42", "l1": "0.01", "mixture": "0.8", "dev_boundary_precision": 0.9792147806004619, "dev_boundary_recall": 0.9560315670800451, "dev_boundary_f1": 0.9674843126069596}
{"step": 540, "dev_accuracy": 0.9459999799728394, "test_accuracy": 0.940666675567627, "train_accuracy": 1.0, "dev_entroy": 0.02198194960934175, "test_entropy": 0.023952443063289582, "seed": "42", "l1": "0.01", "mixture": "0.8", "test_boundary_precision": 0.9709302325581395, "test_boundary_recall": 0.9586681974741676, "test_boundary_f1": 0.9647602541883306}
{"step": 600, "dev_accuracy": 0.9200000166893005, "test_accuracy": 0.8946666717529297, "train_accuracy": 1.0, "dev_entroy": 0.02198194960934175, "test_entropy": 0.023952443063289586, "seed": "42", "l1": "0.01", "mixture": "0.6", "dev_boundary_precision": 0.9565217391304348, "dev_boundary_recall": 0.9177001127395716, "dev_boundary_f1": 0.9367088607594937}
{"step": 600, "dev_accuracy": 0.9200000166893005, "test_accuracy": 0.8946666717529297, "train_accuracy": 1.0, "dev_entroy": 0.02198194960934175, "test_entropy": 0.023952443063289586, "seed": "42", "l1": "0.01", "mixture": "0.6", "test_boundary_precision": 0.93935790725327, "test_boundary_recall": 0.9070034443168772, "test_boundary_f1": 0.9228971962616823}
{"step": 180, "dev_accuracy": 0.9866666793823242, "test_accuracy": 0.9860000014305115, "train_accuracy": 1.0, "dev_entroy": 0.02128275197729519, "test_entropy": 0.02050112560345376, "seed": "42", "l1": "0.1", "mixture": "0.9875", "dev_boundary_precision": 0.9943566591422122, "dev_boundary_recall": 0.9932356257046223, "dev_boundary_f1": 0.993795826283136}
{"step": 180, "dev_accuracy": 0.9866666793823242, "test_accuracy": 0.9860000014305115, "train_accuracy": 1.0, "dev_entroy": 0.02128275197729519, "test_entropy": 0.02050112560345376, "seed": "42", "l1": "0.1", "mixture": "0.9875", "test_boundary_precision": 0.9977037887485649, "test_boundary_recall": 0.9977037887485649, "test_boundary_f1": 0.9977037887485649}
{"step": 180, "dev_accuracy": 0.9833333492279053, "test_accuracy": 0.9793333411216736, "train_accuracy": 1.0, "dev_entroy": 0.02128275197729519, "test_entropy": 0.02050112560345376, "seed": "42", "l1": "0.1", "mixture": "0.975", "dev_boundary_precision": 0.9932279909706546, "dev_boundary_recall": 0.992108229988726, "dev_boundary_f1": 0.9926677946982515}
{"step": 180, "dev_accuracy": 0.9833333492279053, "test_accuracy": 0.9793333411216736, "train_accuracy": 1.0, "dev_entroy": 0.02128275197729519, "test_entropy": 0.02050112560345376, "seed": "42", "l1": "0.1", "mixture": "0.975", "test_boundary_precision": 0.9954075774971297, "test_boundary_recall": 0.9954075774971297, "test_boundary_f1": 0.9954075774971297}
{"step": 240, "dev_accuracy": 0.9779999852180481, "test_accuracy": 0.9733332991600037, "train_accuracy": 1.0, "dev_entroy": 0.021282751977295185, "test_entropy": 0.020501125603453758, "seed": "42", "l1": "0.1", "mixture": "0.95", "dev_boundary_precision": 0.9864712514092446, "dev_boundary_recall": 0.9864712514092446, "dev_boundary_f1": 0.9864712514092446}
{"step": 240, "dev_accuracy": 0.9779999852180481, "test_accuracy": 0.9733332991600037, "train_accuracy": 1.0, "dev_entroy": 0.021282751977295185, "test_entropy": 0.020501125603453758, "seed": "42", "l1": "0.1", "mixture": "0.95", "test_boundary_precision": 0.9873853211009175, "test_boundary_recall": 0.9885189437428243, "test_boundary_f1": 0.9879518072289156}
{"step": 1020, "dev_accuracy": 0.972000002861023, "test_accuracy": 0.9679999947547913, "train_accuracy": 1.0, "dev_entroy": 0.02128275197729519, "test_entropy": 0.02050112560345376, "seed": "42", "l1": "0.1", "mixture": "0.9", "dev_boundary_precision": 0.9841628959276018, "dev_boundary_recall": 0.9808342728297632, "dev_boundary_f1": 0.9824957651044608}
{"step": 1020, "dev_accuracy": 0.972000002861023, "test_accuracy": 0.9679999947547913, "train_accuracy": 1.0, "dev_entroy": 0.02128275197729519, "test_entropy": 0.02050112560345376, "seed": "42", "l1": "0.1", "mixture": "0.9", "test_boundary_precision": 0.9760820045558086, "test_boundary_recall": 0.983926521239954, "test_boundary_f1": 0.9799885648942253}
{"step": 450, "dev_accuracy": 0.9426666498184204, "test_accuracy": 0.949999988079071, "train_accuracy": 1.0, "dev_entroy": 0.021282751977295185, "test_entropy": 0.02050112560345376, "seed": "42", "l1": "0.1", "mixture": "0.8", "dev_boundary_precision": 0.9679633867276888, "dev_boundary_recall": 0.9537767756482526, "dev_boundary_f1": 0.960817717206133}
{"step": 450, "dev_accuracy": 0.9426666498184204, "test_accuracy": 0.949999988079071, "train_accuracy": 1.0, "dev_entroy": 0.021282751977295185, "test_entropy": 0.02050112560345376, "seed": "42", "l1": "0.1", "mixture": "0.8", "test_boundary_precision": 0.9644495412844036, "test_boundary_recall": 0.965556831228473, "test_boundary_f1": 0.9650028686173264}
{"step": 450, "dev_accuracy": 0.9020000100135803, "test_accuracy": 0.9020000100135803, "train_accuracy": 1.0,