{"step": 600, "dev_accuracy": 0.6106666326522827, "test_accuracy": 0.6186666488647461, "train_accuracy": 1.0, "dev_entroy": 0.043189028358066706, "test_entropy": 0.044237989618460496, "l1": "0.01", "seed": "42", "data": "100", "train.100_token_precision": 0.3159722222222222, "train.100_token_recall": 0.3273381294964029, "train.100_token_f1": 0.32155477031802115, "train.100_boundary_precision": 0.48936170212765956, "train.100_boundary_recall": 0.5168539325842697, "train.100_boundary_f1": 0.5027322404371584, "train.100_unique_predicted_tokens": 74, "train.100_unique_gold_tokens": 79, "train.100_prefix_token_precision": 0.38235294117647056, "train.100_prefix_token_recall": 0.4482758620689655, "train.100_prefix_token_f1": 0.41269841269841273, "train.100_prefix_boundary_precision": 0.7619047619047619, "train.100_prefix_boundary_recall": 0.5517241379310345, "train.100_prefix_boundary_f1": 0.64, "train.100_prefix_unique_gold_tokens": 10, "train.100_stem_token_precision": 0.14864864864864866, "train.100_stem_token_recall": 0.22, "train.100_stem_token_f1": 0.17741935483870966, "train.100_stem_boundary_precision": 0.6571428571428571, "train.100_stem_boundary_recall": 0.5139664804469274, "train.100_stem_boundary_f1": 0.5768025078369906, "train.100_stem_unique_gold_tokens": 69, "train.100_suffix_token_precision": 0.24193548387096775, "train.100_suffix_token_recall": 0.32967032967032966, "train.100_suffix_token_f1": 0.27906976744186046, "train.100_suffix_boundary_precision": 0.5714285714285714, "train.100_suffix_boundary_recall": 0.4835164835164835, "train.100_suffix_boundary_f1": 0.5238095238095237, "train.100_suffix_unique_gold_tokens": 10, "dev_token_precision": 0.3709677419354839, "dev_token_recall": 0.414563806777217, "dev_token_f1": 0.39155600953353764, "dev_boundary_precision": 0.4895238095238095, "dev_boundary_recall": 0.5794813979706878, "dev_boundary_f1": 0.5307176045431079, "dev_unique_predicted_tokens": 126, "dev_unique_gold_tokens": 104, "dev_prefix_token_precision": 0.4774951076320939, "dev_prefix_token_recall": 0.5700934579439252, "dev_prefix_token_f1": 0.5197018104366347, "dev_prefix_boundary_precision": 0.7688022284122563, "dev_prefix_boundary_recall": 0.6448598130841121, "dev_prefix_boundary_f1": 0.7013977128335451, "dev_prefix_unique_gold_tokens": 10, "dev_stem_token_precision": 0.20275344180225283, "dev_stem_token_recall": 0.324, "dev_stem_token_f1": 0.2494226327944573, "dev_stem_boundary_precision": 0.6322263222632226, "dev_stem_boundary_recall": 0.5762331838565022, "dev_stem_boundary_f1": 0.6029325513196482, "dev_stem_unique_gold_tokens": 98, "dev_suffix_token_precision": 0.27569331158238175, "dev_suffix_token_recall": 0.3681917211328976, "dev_suffix_token_f1": 0.31529850746268656, "dev_suffix_boundary_precision": 0.6071428571428571, "dev_suffix_boundary_recall": 0.5185185185185185, "dev_suffix_boundary_f1": 0.5593419506462984, "dev_suffix_unique_gold_tokens": 10, "test_token_precision": 0.3647959183673469, "test_token_recall": 0.41721371261852663, "test_token_f1": 0.3892480435522287, "test_boundary_precision": 0.4887640449438202, "test_boundary_recall": 0.5993111366245695, "test_boundary_f1": 0.5384218669417227, "test_unique_predicted_tokens": 123, "test_unique_gold_tokens": 106, "test_prefix_token_precision": 0.4970414201183432, "test_prefix_token_recall": 0.5915492957746479, "test_prefix_token_f1": 0.5401929260450161, "test_prefix_boundary_precision": 0.779891304347826, "test_prefix_boundary_recall": 0.6737089201877934, "test_prefix_boundary_f1": 0.7229219143576825, "test_prefix_unique_gold_tokens": 10, "test_stem_token_precision": 0.2034956304619226, "test_stem_token_recall": 0.326, "test_stem_token_f1": 0.250576479631053, "test_stem_boundary_precision": 0.6342648845686513, "test_stem_boundary_recall": 0.5925085130533485, "test_stem_boundary_f1": 0.6126760563380281, "test_stem_unique_gold_tokens": 99, "test_suffix_token_precision": 0.25779967159277506, "test_suffix_token_recall": 0.35280898876404493, "test_suffix_token_f1": 0.29791271347248577, "test_suffix_boundary_precision": 0.5889724310776943, "test_suffix_boundary_recall": 0.5280898876404494, "test_suffix_boundary_f1": 0.5568720379146919, "test_suffix_unique_gold_tokens": 10}
{"step": 600, "dev_accuracy": 0.8506666421890259, "test_accuracy": 0.8579999804496765, "train_accuracy": 1.0, "dev_entroy": 0.02460423253101243, "test_entropy": 0.024713813122717428, "l1": "0.01", "seed": "48", "data": "500", "train.100_token_precision": 0.7380952380952381, "train.100_token_recall": 0.6690647482014388, "train.100_token_f1": 0.7018867924528303, "train.100_boundary_precision": 0.8552631578947368, "train.100_boundary_recall": 0.7303370786516854, "train.100_boundary_f1": 0.7878787878787878, "train.100_unique_predicted_tokens": 90, "train.100_unique_gold_tokens": 79, "train.100_prefix_token_precision": 0.717391304347826, "train.100_prefix_token_recall": 0.7586206896551724, "train.100_prefix_token_f1": 0.7374301675977654, "train.100_prefix_boundary_precision": 0.9295774647887324, "train.100_prefix_boundary_recall": 0.7586206896551724, "train.100_prefix_boundary_f1": 0.8354430379746836, "train.100_prefix_unique_gold_tokens": 10, "train.100_stem_token_precision": 0.5, "train.100_stem_token_recall": 0.56, "train.100_stem_token_f1": 0.5283018867924528, "train.100_stem_boundary_precision": 0.9154929577464789, "train.100_stem_boundary_recall": 0.7262569832402235, "train.100_stem_boundary_f1": 0.809968847352025, "train.100_stem_unique_gold_tokens": 69, "train.100_suffix_token_precision": 0.6666666666666666, "train.100_suffix_token_recall": 0.7032967032967034, "train.100_suffix_token_f1": 0.6844919786096256, "train.100_suffix_boundary_precision": 0.927536231884058, "train.100_suffix_boundary_recall": 0.7032967032967034, "train.100_suffix_boundary_f1": 0.7999999999999999, "train.100_suffix_unique_gold_tokens": 10, "dev_token_precision": 0.7792408985282726, "dev_token_recall": 0.7253064167267483, "dev_token_f1": 0.7513069454817028, "dev_boundary_precision": 0.8735777496839444, "dev_boundary_recall": 0.7790304396843292, "dev_boundary_f1": 0.8235995232419547, "dev_unique_predicted_tokens": 183, "dev_unique_gold_tokens": 104, "dev_prefix_token_precision": 0.7787610619469026, "dev_prefix_token_recall": 0.822429906542056, "dev_prefix_token_f1": 0.7999999999999999, "dev_prefix_boundary_precision": 0.9361702127659575, "dev_prefix_boundary_recall": 0.822429906542056, "dev_prefix_boundary_f1": 0.8756218905472636, "dev_prefix_unique_gold_tokens": 10, "dev_stem_token_precision": 0.5595026642984015, "dev_stem_token_recall": 0.63, "dev_stem_token_f1": 0.5926622765757291, "dev_stem_boundary_precision": 0.916445623342175, "dev_stem_boundary_recall": 0.7746636771300448, "dev_stem_boundary_f1": 0.8396111786148238, "dev_stem_unique_gold_tokens": 98, "dev_suffix_token_precision": 0.7182203389830508, "dev_suffix_token_recall": 0.738562091503268, "dev_suffix_token_f1": 0.728249194414608, "dev_suffix_boundary_precision": 0.9630681818181818, "dev_suffix_boundary_recall": 0.738562091503268, "dev_suffix_boundary_f1": 0.8360049321824908, "dev_suffix_unique_gold_tokens": 10, "test_token_precision": 0.7661227661227661, "test_token_recall": 0.7191830780452224, "test_token_f1": 0.7419112114371709, "test_boundary_precision": 0.8538754764930114, "test_boundary_recall": 0.7715269804822044, "test_boundary_f1": 0.8106151990349819, "test_unique_predicted_tokens": 185, "test_unique_gold_tokens": 106, "test_prefix_token_precision": 0.7733333333333333, "test_prefix_token_recall": 0.8169014084507042, "test_prefix_token_f1": 0.7945205479452055, "test_prefix_boundary_precision": 0.9354838709677419, "test_prefix_boundary_recall": 0.8169014084507042, "test_prefix_boundary_f1": 0.8721804511278196, "test_prefix_unique_gold_tokens": 10, "test_stem_token_precision": 0.5451388888888888, "test_stem_token_recall": 0.628, "test_stem_token_f1": 0.5836431226765798, "test_stem_boundary_precision": 0.8983957219251337,