{"step": 180, "dev_accuracy": 0.6820173263549805, "test_accuracy": 0.6844992637634277, "dev_entroy": 0, "test_entropy": 0, "seed": "44"}
