{"step": 240, "dev_accuracy": 0.6654952168464661, "test_accuracy": 0.6684824228286743, "dev_entroy": 0, "test_entropy": 0, "seed": "46", "dev_token_precision": 0.3927599189110918, "dev_token_recall": 0.5486245954692557, "dev_token_f1": 0.45778902953586503, "dev_boundary_precision": 0.4552483665725128, "dev_boundary_recall": 0.7846955837513524, "dev_boundary_f1": 0.5762056948883232, "dev_unique_predicted_tokens": 6459, "dev_unique_gold_tokens": 9361, "dev_prefix_token_precision": 0.8059467918622848, "dev_prefix_token_recall": 0.8241978074737937, "dev_prefix_token_f1": 0.8149701309490841, "dev_prefix_boundary_precision": 0.9749113475177305, "dev_prefix_boundary_recall": 0.8320974576271186, "dev_prefix_boundary_f1": 0.8978608752449379, "dev_prefix_unique_gold_tokens": 42, "dev_stem_token_precision": 0.14924854487012423, "dev_stem_token_recall": 0.30777499104263706, "dev_stem_token_f1": 0.20101796056865384, "dev_stem_boundary_precision": 0.45991983967935873, "dev_stem_boundary_recall": 0.8166819431714024, "dev_stem_boundary_f1": 0.5884501078067637, "dev_stem_unique_gold_tokens": 9296, "dev_suffix_token_precision": 0.5518058690744921, "dev_suffix_token_recall": 0.6238356513972183, "dev_suffix_token_f1": 0.5856141821884172, "dev_suffix_boundary_precision": 0.8493594463260198, "dev_suffix_boundary_recall": 0.6477259966311061, "dev_suffix_boundary_f1": 0.7349643221202854, "dev_suffix_unique_gold_tokens": 34, "test_token_precision": 0.3981297873167697, "test_token_recall": 0.5555284288194444, "test_token_f1": 0.46384000362392697, "test_boundary_precision": 0.4583669471015328, "test_boundary_recall": 0.7901559551008245, "test_boundary_f1": 0.5801757776886329, "test_unique_predicted_tokens": 6455, "test_unique_gold_tokens": 9273, "test_prefix_token_precision": 0.8073575949367089, "test_prefix_token_recall": 0.8277232541163111, "test_prefix_token_f1": 0.8174135928551404, "test_prefix_boundary_precision": 0.9722371005177647, "test_prefix_boundary_recall": 0.8379626067554051, "test_prefix_boundary_f1": 0.900119839662796, "test_prefix_unique_gold_tokens": 42, "test_stem_token_precision": 0.15449954756414372, "test_stem_token_recall": 0.31637776449491933, "test_stem_token_f1": 0.20761340681323423, "test_stem_boundary_precision": 0.4636168910648715, "test_stem_boundary_recall": 0.818884444924873, "test_stem_boundary_f1": 0.5920440779961706, "test_stem_unique_gold_tokens": 9207, "test_suffix_token_precision": 0.5683477863989046, "test_suffix_token_recall": 0.6381806534272902, "test_suffix_token_f1": 0.601243285653932, "test_suffix_boundary_precision": 0.8576095025983668, "test_suffix_boundary_recall": 0.6586840004561524, "test_suffix_boundary_f1": 0.7450980392156864, "test_suffix_unique_gold_tokens": 34}
