{"step": 300, "dev_accuracy": 0.704958438873291, "test_accuracy": 0.697721004486084, "dev_entroy": 0, "test_entropy": 0, "seed": "44", "dev_token_precision": 0.35022881593946703, "dev_token_recall": 0.4889970474257243, "dev_token_f1": 0.4081400833646191, "dev_boundary_precision": 0.4253060833313367, "dev_boundary_recall": 0.7227605863192182, "dev_boundary_f1": 0.5354993438617132, "dev_unique_predicted_tokens": 5932, "dev_unique_gold_tokens": 8335, "dev_prefix_token_precision": 0.6973715794527124, "dev_prefix_token_recall": 0.730237526706045, "dev_prefix_token_f1": 0.7134262385659034, "dev_prefix_boundary_precision": 0.9472202674173118, "dev_prefix_boundary_recall": 0.7554582701913902, "dev_prefix_boundary_f1": 0.8405407937053111, "dev_prefix_unique_gold_tokens": 43, "dev_stem_token_precision": 0.12004421518054532, "dev_stem_token_recall": 0.2600574712643678, "dev_stem_token_f1": 0.16426338610466876, "dev_stem_boundary_precision": 0.42467910859122765, "dev_stem_boundary_recall": 0.7655436737011451, "dev_stem_boundary_f1": 0.5463017676554507, "dev_stem_unique_gold_tokens": 8259, "dev_suffix_token_precision": 0.47079486150140504, "dev_suffix_token_recall": 0.5425630349294471, "dev_suffix_token_f1": 0.5041375604513701, "dev_suffix_boundary_precision": 0.8164601030497145, "dev_suffix_boundary_recall": 0.5765562002163438, "dev_suffix_boundary_f1": 0.675850144092219, "dev_suffix_unique_gold_tokens": 43, "test_token_precision": 0.3514821838506837, "test_token_recall": 0.4896185753348473, "test_token_f1": 0.4092071115931363, "test_boundary_precision": 0.42523737044284987, "test_boundary_recall": 0.7204371495231469, "test_boundary_f1": 0.5348059919175959, "test_unique_predicted_tokens": 5914, "test_unique_gold_tokens": 8295, "test_prefix_token_precision": 0.6863251456368987, "test_prefix_token_recall": 0.71996471996472, "test_prefix_token_f1": 0.7027425900873201, "test_prefix_boundary_precision": 0.9450215532471203, "test_prefix_boundary_recall": 0.7502384291725105, "test_prefix_boundary_f1": 0.8364398298724043, "test_prefix_unique_gold_tokens": 43, "test_stem_token_precision": 0.12237278077246427, "test_stem_token_recall": 0.2643272979757518, "test_stem_token_f1": 0.16729485337615146, "test_stem_boundary_precision": 0.4245098039215686, "test_stem_boundary_recall": 0.7610203306099182, "test_stem_boundary_f1": 0.5450061232820792, "test_stem_unique_gold_tokens": 8219, "test_suffix_token_precision": 0.4823875748654959, "test_suffix_token_recall": 0.5552699228791774, "test_suffix_token_f1": 0.5162692161442772, "test_suffix_boundary_precision": 0.8179129700042248, "test_suffix_boundary_recall": 0.5816725087631447, "test_suffix_boundary_f1": 0.6798548519255532, "test_suffix_unique_gold_tokens": 43}
